time,sector,value_yi,data_level,source
09:30,电子元器件,14.9706,proxy,ftshare:stock-quotes-list+stock-prices:sample=80
09:31,电子元器件,-24.4525,proxy,ftshare:stock-quotes-list+stock-prices:sample=80
09:32,电子元器件,-19.6068,proxy,ftshare:stock-quotes-list+stock-prices:sample=80
09:33,电子元器件,-26.8228,proxy,ftshare:stock-quotes-list+stock-prices:sample=80
09:34,电子元器件,-30.3264,proxy,ftshare:stock-quotes-list+stock-prices:sample=80
09:35,电子元器件,-34.2544,proxy,ftshare:stock-quotes-list+stock-prices:sample=80
09:36,电子元器件,-30.9174,proxy,ftshare:stock-quotes-list+stock-prices:sample=80
09:37,电子元器件,-30.966,proxy,ftshare:stock-quotes-list+stock-prices:sample=80
09:38,电子元器件,-35.7681,proxy,ftshare:stock-quotes-list+stock-prices:sample=80
09:39,电子元器件,-44.6502,proxy,ftshare:stock-quotes-list+stock-prices:sample=80
09:40,电子元器件,-33.0355,proxy,ftshare:stock-quotes-list+stock-prices:sample=80
09:41,电子元器件,-19.628,proxy,ftshare:stock-quotes-list+stock-prices:sample=80
09:42,电子元器件,-12.2567,proxy,ftshare:stock-quotes-list+stock-prices:sample=80
09:43,电子元器件,5.0778,proxy,ftshare:stock-quotes-list+stock-prices:sample=80
09:44,电子元器件,-8.0151,proxy,ftshare:stock-quotes-list+stock-prices:sample=80
09:45,电子元器件,-2.0803,proxy,ftshare:stock-quotes-list+stock-prices:sample=80
09:46,电子元器件,6.9812,proxy,ftshare:stock-quotes-list+stock-prices:sample=80
09:47,电子元器件,-0.0847,proxy,ftshare:stock-quotes-list+stock-prices:sample=80
09:48,电子元器件,3.5754,proxy,ftshare:stock-quotes-list+stock-prices:sample=80
09:49,电子元器件,0.3484,proxy,ftshare:stock-quotes-list+stock-prices:sample=80
09:50,电子元器件,8.4548,proxy,ftshare:stock-quotes-list+stock-prices:sample=80
09:51,电子元器件,-1.4893,proxy,ftshare:stock-quotes-list+stock-prices:sample=80
09:52,电子元器件,-4.9342,proxy,ftshare:stock-quotes-list+stock-prices:sample=80
09:53,电子元器件,-4.1716,proxy,ftshare:stock-quotes-list+stock-prices:sample=80
09:54,电子元器件,-10.6534,proxy,ftshare:stock-quotes-list+stock-prices:sample=80
09:55,电子元器件,-9.0268,proxy,ftshare:stock-quotes-list+stock-prices:sample=80
09:56,电子元器件,-9.2366,proxy,ftshare:stock-quotes-list+stock-prices:sample=80
09:57,电子元器件,-6.1725,proxy,ftshare:stock-quotes-list+stock-prices:sample=80
09:58,电子元器件,-7.0993,proxy,ftshare:stock-quotes-list+stock-prices:sample=80
09:59,电子元器件,-2.6469,proxy,ftshare:stock-quotes-list+stock-prices:sample=80
10:00,电子元器件,-12.7757,proxy,ftshare:stock-quotes-list+stock-prices:sample=80
10:01,电子元器件,-17.4127,proxy,ftshare:stock-quotes-list+stock-prices:sample=80
10:02,电子元器件,-16.0327,proxy,ftshare:stock-quotes-list+stock-prices:sample=80
10:03,电子元器件,-11.6991,proxy,ftshare:stock-quotes-list+stock-prices:sample=80
10:04,电子元器件,-16.7401,proxy,ftshare:stock-quotes-list+stock-prices:sample=80
10:05,电子元器件,-22.644,proxy,ftshare:stock-quotes-list+stock-prices:sample=80
10:06,电子元器件,-17.8709,proxy,ftshare:stock-quotes-list+stock-prices:sample=80
10:07,电子元器件,-29.5426,proxy,ftshare:stock-quotes-list+stock-prices:sample=80
10:08,电子元器件,-34.0713,proxy,ftshare:stock-quotes-list+stock-prices:sample=80
10:09,电子元器件,-39.2154,proxy,ftshare:stock-quotes-list+stock-prices:sample=80
10:10,电子元器件,-46.6759,proxy,ftshare:stock-quotes-list+stock-prices:sample=80
10:11,电子元器件,-44.7466,proxy,ftshare:stock-quotes-list+stock-prices:sample=80
10:12,电子元器件,-41.7755,proxy,ftshare:stock-quotes-list+stock-prices:sample=80
10:13,电子元器件,-46.7283,proxy,ftshare:stock-quotes-list+stock-prices:sample=80
10:14,电子元器件,-58.1514,proxy,ftshare:stock-quotes-list+stock-prices:sample=80
10:15,电子元器件,-58.1553,proxy,ftshare:stock-quotes-list+stock-prices:sample=80
10:16,电子元器件,-75.3009,proxy,ftshare:stock-quotes-list+stock-prices:sample=80
10:17,电子元器件,-81.2507,proxy,ftshare:stock-quotes-list+stock-prices:sample=80
10:18,电子元器件,-72.0524,proxy,ftshare:stock-quotes-list+stock-prices:sample=80
10:19,电子元器件,-68.794,proxy,ftshare:stock-quotes-list+stock-prices:sample=80
10:20,电子元器件,-67.3511,proxy,ftshare:stock-quotes-list+stock-prices:sample=80
10:21,电子元器件,-73.3627,proxy,ftshare:stock-quotes-list+stock-prices:sample=80
10:22,电子元器件,-80.3235,proxy,ftshare:stock-quotes-list+stock-prices:sample=80
10:23,电子元器件,-77.0826,proxy,ftshare:stock-quotes-list+stock-prices:sample=80
10:24,电子元器件,-82.7312,proxy,ftshare:stock-quotes-list+stock-prices:sample=80
10:25,电子元器件,-89.8343,proxy,ftshare:stock-quotes-list+stock-prices:sample=80
10:26,电子元器件,-99.5128,proxy,ftshare:stock-quotes-list+stock-prices:sample=80
10:27,电子元器件,-92.9861,proxy,ftshare:stock-quotes-list+stock-prices:sample=80
10:28,电子元器件,-104.1604,proxy,ftshare:stock-quotes-list+stock-prices:sample=80
10:29,电子元器件,-110.2326,proxy,ftshare:stock-quotes-list+stock-prices:sample=80
10:30,电子元器件,-123.9128,proxy,ftshare:stock-quotes-list+stock-prices:sample=80
10:31,电子元器件,-118.1357,proxy,ftshare:stock-quotes-list+stock-prices:sample=80
10:32,电子元器件,-121.5961,proxy,ftshare:stock-quotes-list+stock-prices:sample=80
10:33,电子元器件,-124.6466,proxy,ftshare:stock-quotes-list+stock-prices:sample=80
10:34,电子元器件,-137.2189,proxy,ftshare:stock-quotes-list+stock-prices:sample=80
10:35,电子元器件,-128.1105,proxy,ftshare:stock-quotes-list+stock-prices:sample=80
10:36,电子元器件,-120.7272,proxy,ftshare:stock-quotes-list+stock-prices:sample=80
10:37,电子元器件,-116.4957,proxy,ftshare:stock-quotes-list+stock-prices:sample=80
10:38,电子元器件,-118.8996,proxy,ftshare:stock-quotes-list+stock-prices:sample=80
10:39,电子元器件,-113.7359,proxy,ftshare:stock-quotes-list+stock-prices:sample=80
10:40,电子元器件,-120.1678,proxy,ftshare:stock-quotes-list+stock-prices:sample=80
10:41,电子元器件,-124.7539,proxy,ftshare:stock-quotes-list+stock-prices:sample=80
10:42,电子元器件,-126.5412,proxy,ftshare:stock-quotes-list+stock-prices:sample=80
10:43,电子元器件,-124.3912,proxy,ftshare:stock-quotes-list+stock-prices:sample=80
10:44,电子元器件,-125.6363,proxy,ftshare:stock-quotes-list+stock-prices:sample=80
10:45,电子元器件,-130.5627,proxy,ftshare:stock-quotes-list+stock-prices:sample=80
10:46,电子元器件,-140.9506,proxy,ftshare:stock-quotes-list+stock-prices:sample=80
10:47,电子元器件,-149.9678,proxy,ftshare:stock-quotes-list+stock-prices:sample=80
10:48,电子元器件,-156.9265,proxy,ftshare:stock-quotes-list+stock-prices:sample=80
10:49,电子元器件,-161.3035,proxy,ftshare:stock-quotes-list+stock-prices:sample=80
10:50,电子元器件,-163.1644,proxy,ftshare:stock-quotes-list+stock-prices:sample=80
10:51,电子元器件,-165.6586,proxy,ftshare:stock-quotes-list+stock-prices:sample=80
10:52,电子元器件,-160.6094,proxy,ftshare:stock-quotes-list+stock-prices:sample=80
10:53,电子元器件,-160.3013,proxy,ftshare:stock-quotes-list+stock-prices:sample=80
10:54,电子元器件,-168.6384,proxy,ftshare:stock-quotes-list+stock-prices:sample=80
10:55,电子元器件,-170.3151,proxy,ftshare:stock-quotes-list+stock-prices:sample=80
10:56,电子元器件,-167.2364,proxy,ftshare:stock-quotes-list+stock-prices:sample=80
10:57,电子元器件,-162.9538,proxy,ftshare:stock-quotes-list+stock-prices:sample=80
10:58,电子元器件,-158.2667,proxy,ftshare:stock-quotes-list+stock-prices:sample=80
10:59,电子元器件,-153.8087,proxy,ftshare:stock-quotes-list+stock-prices:sample=80
11:00,电子元器件,-155.2323,proxy,ftshare:stock-quotes-list+stock-prices:sample=80
11:01,电子元器件,-155.0886,proxy,ftshare:stock-quotes-list+stock-prices:sample=80
11:02,电子元器件,-156.9328,proxy,ftshare:stock-quotes-list+stock-prices:sample=80
11:03,电子元器件,-155.591,proxy,ftshare:stock-quotes-list+stock-prices:sample=80
11:04,电子元器件,-154.4807,proxy,ftshare:stock-quotes-list+stock-prices:sample=80
11:05,电子元器件,-155.5151,proxy,ftshare:stock-quotes-list+stock-prices:sample=80
11:06,电子元器件,-153.6954,proxy,ftshare:stock-quotes-list+stock-prices:sample=80
11:07,电子元器件,-158.5069,proxy,ftshare:stock-quotes-list+stock-prices:sample=80
11:08,电子元器件,-160.8361,proxy,ftshare:stock-quotes-list+stock-prices:sample=80
11:09,电子元器件,-166.3345,proxy,ftshare:stock-quotes-list+stock-prices:sample=80
11:10,电子元器件,-173.9103,proxy,ftshare:stock-quotes-list+stock-prices:sample=80
11:11,电子元器件,-172.5152,proxy,ftshare:stock-quotes-list+stock-prices:sample=80
11:12,电子元器件,-170.5622,proxy,ftshare:stock-quotes-list+stock-prices:sample=80
11:13,电子元器件,-167.4522,proxy,ftshare:stock-quotes-list+stock-prices:sample=80
11:14,电子元器件,-169.5893,proxy,ftshare:stock-quotes-list+stock-prices:sample=80
11:15,电子元器件,-168.4017,proxy,ftshare:stock-quotes-list+stock-prices:sample=80
11:16,电子元器件,-165.0114,proxy,ftshare:stock-quotes-list+stock-prices:sample=80
11:17,电子元器件,-165.867,proxy,ftshare:stock-quotes-list+stock-prices:sample=80
11:18,电子元器件,-168.2757,proxy,ftshare:stock-quotes-list+stock-prices:sample=80
11:19,电子元器件,-167.5768,proxy,ftshare:stock-quotes-list+stock-prices:sample=80
11:20,电子元器件,-170.1655,proxy,ftshare:stock-quotes-list+stock-prices:sample=80
11:21,电子元器件,-172.7602,proxy,ftshare:stock-quotes-list+stock-prices:sample=80
11:22,电子元器件,-171.0132,proxy,ftshare:stock-quotes-list+stock-prices:sample=80
11:23,电子元器件,-171.304,proxy,ftshare:stock-quotes-list+stock-prices:sample=80
11:24,电子元器件,-168.9495,proxy,ftshare:stock-quotes-list+stock-prices:sample=80
11:25,电子元器件,-166.4594,proxy,ftshare:stock-quotes-list+stock-prices:sample=80
11:26,电子元器件,-165.1092,proxy,ftshare:stock-quotes-list+stock-prices:sample=80
11:27,电子元器件,-167.924,proxy,ftshare:stock-quotes-list+stock-prices:sample=80
11:28,电子元器件,-165.6941,proxy,ftshare:stock-quotes-list+stock-prices:sample=80
11:29,电子元器件,-164.9927,proxy,ftshare:stock-quotes-list+stock-prices:sample=80
11:30,电子元器件,-162.5292,proxy,ftshare:stock-quotes-list+stock-prices:sample=80
13:01,电子元器件,-160.3694,proxy,ftshare:stock-quotes-list+stock-prices:sample=80
13:02,电子元器件,-158.3605,proxy,ftshare:stock-quotes-list+stock-prices:sample=80
13:03,电子元器件,-162.3597,proxy,ftshare:stock-quotes-list+stock-prices:sample=80
13:04,电子元器件,-163.5445,proxy,ftshare:stock-quotes-list+stock-prices:sample=80
13:05,电子元器件,-166.6839,proxy,ftshare:stock-quotes-list+stock-prices:sample=80
13:06,电子元器件,-162.5271,proxy,ftshare:stock-quotes-list+stock-prices:sample=80
13:07,电子元器件,-161.731,proxy,ftshare:stock-quotes-list+stock-prices:sample=80
13:08,电子元器件,-161.7106,proxy,ftshare:stock-quotes-list+stock-prices:sample=80
13:09,电子元器件,-163.338,proxy,ftshare:stock-quotes-list+stock-prices:sample=80
13:10,电子元器件,-165.0343,proxy,ftshare:stock-quotes-list+stock-prices:sample=80
13:11,电子元器件,-165.8656,proxy,ftshare:stock-quotes-list+stock-prices:sample=80
13:12,电子元器件,-168.0773,proxy,ftshare:stock-quotes-list+stock-prices:sample=80
13:13,电子元器件,-167.8172,proxy,ftshare:stock-quotes-list+stock-prices:sample=80
13:14,电子元器件,-164.6229,proxy,ftshare:stock-quotes-list+stock-prices:sample=80
13:15,电子元器件,-163.9236,proxy,ftshare:stock-quotes-list+stock-prices:sample=80
13:16,电子元器件,-163.5856,proxy,ftshare:stock-quotes-list+stock-prices:sample=80
13:17,电子元器件,-165.986,proxy,ftshare:stock-quotes-list+stock-prices:sample=80
13:18,电子元器件,-166.1648,proxy,ftshare:stock-quotes-list+stock-prices:sample=80
13:19,电子元器件,-164.6739,proxy,ftshare:stock-quotes-list+stock-prices:sample=80
13:20,电子元器件,-161.8835,proxy,ftshare:stock-quotes-list+stock-prices:sample=80
13:21,电子元器件,-165.0764,proxy,ftshare:stock-quotes-list+stock-prices:sample=80
13:22,电子元器件,-162.4165,proxy,ftshare:stock-quotes-list+stock-prices:sample=80
13:23,电子元器件,-161.9875,proxy,ftshare:stock-quotes-list+stock-prices:sample=80
13:24,电子元器件,-162.0509,proxy,ftshare:stock-quotes-list+stock-prices:sample=80
13:25,电子元器件,-165.4428,proxy,ftshare:stock-quotes-list+stock-prices:sample=80
13:26,电子元器件,-165.818,proxy,ftshare:stock-quotes-list+stock-prices:sample=80
13:27,电子元器件,-168.9715,proxy,ftshare:stock-quotes-list+stock-prices:sample=80
13:28,电子元器件,-172.2378,proxy,ftshare:stock-quotes-list+stock-prices:sample=80
13:29,电子元器件,-174.0307,proxy,ftshare:stock-quotes-list+stock-prices:sample=80
13:30,电子元器件,-171.3257,proxy,ftshare:stock-quotes-list+stock-prices:sample=80
13:31,电子元器件,-172.6619,proxy,ftshare:stock-quotes-list+stock-prices:sample=80
13:32,电子元器件,-172.6519,proxy,ftshare:stock-quotes-list+stock-prices:sample=80
13:33,电子元器件,-173.3415,proxy,ftshare:stock-quotes-list+stock-prices:sample=80
13:34,电子元器件,-174.3412,proxy,ftshare:stock-quotes-list+stock-prices:sample=80
13:35,电子元器件,-171.9295,proxy,ftshare:stock-quotes-list+stock-prices:sample=80
13:36,电子元器件,-170.1182,proxy,ftshare:stock-quotes-list+stock-prices:sample=80
13:37,电子元器件,-170.7473,proxy,ftshare:stock-quotes-list+stock-prices:sample=80
13:38,电子元器件,-169.9251,proxy,ftshare:stock-quotes-list+stock-prices:sample=80
13:39,电子元器件,-167.8829,proxy,ftshare:stock-quotes-list+stock-prices:sample=80
13:40,电子元器件,-166.9016,proxy,ftshare:stock-quotes-list+stock-prices:sample=80
13:41,电子元器件,-168.0583,proxy,ftshare:stock-quotes-list+stock-prices:sample=80
13:42,电子元器件,-167.2759,proxy,ftshare:stock-quotes-list+stock-prices:sample=80
13:43,电子元器件,-166.9783,proxy,ftshare:stock-quotes-list+stock-prices:sample=80
13:44,电子元器件,-168.0116,proxy,ftshare:stock-quotes-list+stock-prices:sample=80
13:45,电子元器件,-170.2981,proxy,ftshare:stock-quotes-list+stock-prices:sample=80
13:46,电子元器件,-168.163,proxy,ftshare:stock-quotes-list+stock-prices:sample=80
13:47,电子元器件,-166.7699,proxy,ftshare:stock-quotes-list+stock-prices:sample=80
13:48,电子元器件,-165.7358,proxy,ftshare:stock-quotes-list+stock-prices:sample=80
13:49,电子元器件,-165.042,proxy,ftshare:stock-quotes-list+stock-prices:sample=80
13:50,电子元器件,-165.9795,proxy,ftshare:stock-quotes-list+stock-prices:sample=80
13:51,电子元器件,-163.8586,proxy,ftshare:stock-quotes-list+stock-prices:sample=80
13:52,电子元器件,-163.2865,proxy,ftshare:stock-quotes-list+stock-prices:sample=80
13:53,电子元器件,-163.259,proxy,ftshare:stock-quotes-list+stock-prices:sample=80
13:54,电子元器件,-161.0519,proxy,ftshare:stock-quotes-list+stock-prices:sample=80
13:55,电子元器件,-162.4606,proxy,ftshare:stock-quotes-list+stock-prices:sample=80
13:56,电子元器件,-161.2445,proxy,ftshare:stock-quotes-list+stock-prices:sample=80
13:57,电子元器件,-162.3688,proxy,ftshare:stock-quotes-list+stock-prices:sample=80
13:58,电子元器件,-162.2542,proxy,ftshare:stock-quotes-list+stock-prices:sample=80
13:59,电子元器件,-162.0654,proxy,ftshare:stock-quotes-list+stock-prices:sample=80
14:00,电子元器件,-161.9068,proxy,ftshare:stock-quotes-list+stock-prices:sample=80
14:01,电子元器件,-160.5349,proxy,ftshare:stock-quotes-list+stock-prices:sample=80
14:02,电子元器件,-159.5771,proxy,ftshare:stock-quotes-list+stock-prices:sample=80
14:03,电子元器件,-157.2761,proxy,ftshare:stock-quotes-list+stock-prices:sample=80
14:04,电子元器件,-158.6333,proxy,ftshare:stock-quotes-list+stock-prices:sample=80
14:05,电子元器件,-157.0218,proxy,ftshare:stock-quotes-list+stock-prices:sample=80
14:06,电子元器件,-160.1432,proxy,ftshare:stock-quotes-list+stock-prices:sample=80
14:07,电子元器件,-160.2693,proxy,ftshare:stock-quotes-list+stock-prices:sample=80
14:08,电子元器件,-156.9442,proxy,ftshare:stock-quotes-list+stock-prices:sample=80
14:09,电子元器件,-157.3339,proxy,ftshare:stock-quotes-list+stock-prices:sample=80
14:10,电子元器件,-157.2656,proxy,ftshare:stock-quotes-list+stock-prices:sample=80
14:11,电子元器件,-155.0931,proxy,ftshare:stock-quotes-list+stock-prices:sample=80
14:12,电子元器件,-155.6949,proxy,ftshare:stock-quotes-list+stock-prices:sample=80
14:13,电子元器件,-159.465,proxy,ftshare:stock-quotes-list+stock-prices:sample=80
14:14,电子元器件,-159.0596,proxy,ftshare:stock-quotes-list+stock-prices:sample=80
14:15,电子元器件,-156.241,proxy,ftshare:stock-quotes-list+stock-prices:sample=80
14:16,电子元器件,-157.8428,proxy,ftshare:stock-quotes-list+stock-prices:sample=80
14:17,电子元器件,-157.8893,proxy,ftshare:stock-quotes-list+stock-prices:sample=80
14:18,电子元器件,-156.0338,proxy,ftshare:stock-quotes-list+stock-prices:sample=80
14:19,电子元器件,-153.967,proxy,ftshare:stock-quotes-list+stock-prices:sample=80
14:20,电子元器件,-156.6042,proxy,ftshare:stock-quotes-list+stock-prices:sample=80
14:21,电子元器件,-158.3875,proxy,ftshare:stock-quotes-list+stock-prices:sample=80
14:22,电子元器件,-160.3911,proxy,ftshare:stock-quotes-list+stock-prices:sample=80
14:23,电子元器件,-162.4197,proxy,ftshare:stock-quotes-list+stock-prices:sample=80
14:24,电子元器件,-162.505,proxy,ftshare:stock-quotes-list+stock-prices:sample=80
14:25,电子元器件,-160.3948,proxy,ftshare:stock-quotes-list+stock-prices:sample=80
14:26,电子元器件,-159.7127,proxy,ftshare:stock-quotes-list+stock-prices:sample=80
14:27,电子元器件,-159.123,proxy,ftshare:stock-quotes-list+stock-prices:sample=80
14:28,电子元器件,-158.4193,proxy,ftshare:stock-quotes-list+stock-prices:sample=80
14:29,电子元器件,-157.1428,proxy,ftshare:stock-quotes-list+stock-prices:sample=80
14:30,电子元器件,-156.5108,proxy,ftshare:stock-quotes-list+stock-prices:sample=80
14:31,电子元器件,-156.2839,proxy,ftshare:stock-quotes-list+stock-prices:sample=80
14:32,电子元器件,-153.9267,proxy,ftshare:stock-quotes-list+stock-prices:sample=80
14:33,电子元器件,-152.8496,proxy,ftshare:stock-quotes-list+stock-prices:sample=80
14:34,电子元器件,-157.9031,proxy,ftshare:stock-quotes-list+stock-prices:sample=80
14:35,电子元器件,-156.1089,proxy,ftshare:stock-quotes-list+stock-prices:sample=80
14:36,电子元器件,-157.7401,proxy,ftshare:stock-quotes-list+stock-prices:sample=80
14:37,电子元器件,-159.4849,proxy,ftshare:stock-quotes-list+stock-prices:sample=80
14:38,电子元器件,-162.151,proxy,ftshare:stock-quotes-list+stock-prices:sample=80
14:39,电子元器件,-162.7758,proxy,ftshare:stock-quotes-list+stock-prices:sample=80
14:40,电子元器件,-163.9211,proxy,ftshare:stock-quotes-list+stock-prices:sample=80
14:41,电子元器件,-164.0,proxy,ftshare:stock-quotes-list+stock-prices:sample=80
14:42,电子元器件,-163.9167,proxy,ftshare:stock-quotes-list+stock-prices:sample=80
14:43,电子元器件,-163.9193,proxy,ftshare:stock-quotes-list+stock-prices:sample=80
14:44,电子元器件,-161.5799,proxy,ftshare:stock-quotes-list+stock-prices:sample=80
14:45,电子元器件,-157.9835,proxy,ftshare:stock-quotes-list+stock-prices:sample=80
14:46,电子元器件,-161.8196,proxy,ftshare:stock-quotes-list+stock-prices:sample=80
14:47,电子元器件,-162.228,proxy,ftshare:stock-quotes-list+stock-prices:sample=80
14:48,电子元器件,-160.7999,proxy,ftshare:stock-quotes-list+stock-prices:sample=80
14:49,电子元器件,-162.1792,proxy,ftshare:stock-quotes-list+stock-prices:sample=80
14:50,电子元器件,-160.2386,proxy,ftshare:stock-quotes-list+stock-prices:sample=80
14:51,电子元器件,-159.7897,proxy,ftshare:stock-quotes-list+stock-prices:sample=80
14:52,电子元器件,-156.562,proxy,ftshare:stock-quotes-list+stock-prices:sample=80
14:53,电子元器件,-155.4502,proxy,ftshare:stock-quotes-list+stock-prices:sample=80
14:54,电子元器件,-153.4096,proxy,ftshare:stock-quotes-list+stock-prices:sample=80
14:55,电子元器件,-150.9429,proxy,ftshare:stock-quotes-list+stock-prices:sample=80
14:56,电子元器件,-150.6191,proxy,ftshare:stock-quotes-list+stock-prices:sample=80
14:57,电子元器件,-149.187,proxy,ftshare:stock-quotes-list+stock-prices:sample=80
14:58,电子元器件,-148.9135,proxy,ftshare:stock-quotes-list+stock-prices:sample=80
14:59,电子元器件,-148.9135,proxy,ftshare:stock-quotes-list+stock-prices:sample=80
15:00,电子元器件,-148.9547,proxy,ftshare:stock-quotes-list+stock-prices:sample=80
09:30,集成电路,17.171,proxy,ftshare:stock-quotes-list+stock-prices:sample=80
09:31,集成电路,18.8576,proxy,ftshare:stock-quotes-list+stock-prices:sample=80
09:32,集成电路,59.9352,proxy,ftshare:stock-quotes-list+stock-prices:sample=80
09:33,集成电路,43.2062,proxy,ftshare:stock-quotes-list+stock-prices:sample=80
09:34,集成电路,30.0666,proxy,ftshare:stock-quotes-list+stock-prices:sample=80
09:35,集成电路,25.1828,proxy,ftshare:stock-quotes-list+stock-prices:sample=80
09:36,集成电路,19.9052,proxy,ftshare:stock-quotes-list+stock-prices:sample=80
09:37,集成电路,42.8022,proxy,ftshare:stock-quotes-list+stock-prices:sample=80
09:38,集成电路,57.1596,proxy,ftshare:stock-quotes-list+stock-prices:sample=80
09:39,集成电路,66.7895,proxy,ftshare:stock-quotes-list+stock-prices:sample=80
09:40,集成电路,53.7309,proxy,ftshare:stock-quotes-list+stock-prices:sample=80
09:41,集成电路,63.3512,proxy,ftshare:stock-quotes-list+stock-prices:sample=80
09:42,集成电路,57.567,proxy,ftshare:stock-quotes-list+stock-prices:sample=80
09:43,集成电路,62.9539,proxy,ftshare:stock-quotes-list+stock-prices:sample=80
09:44,集成电路,59.7588,proxy,ftshare:stock-quotes-list+stock-prices:sample=80
09:45,集成电路,41.4964,proxy,ftshare:stock-quotes-list+stock-prices:sample=80
09:46,集成电路,54.7065,proxy,ftshare:stock-quotes-list+stock-prices:sample=80
09:47,集成电路,45.2129,proxy,ftshare:stock-quotes-list+stock-prices:sample=80
09:48,集成电路,52.376,proxy,ftshare:stock-quotes-list+stock-prices:sample=80
09:49,集成电路,64.1049,proxy,ftshare:stock-quotes-list+stock-prices:sample=80
09:50,集成电路,83.1445,proxy,ftshare:stock-quotes-list+stock-prices:sample=80
09:51,集成电路,79.0106,proxy,ftshare:stock-quotes-list+stock-prices:sample=80
09:52,集成电路,88.4242,proxy,ftshare:stock-quotes-list+stock-prices:sample=80
09:53,集成电路,100.0554,proxy,ftshare:stock-quotes-list+stock-prices:sample=80
09:54,集成电路,115.9159,proxy,ftshare:stock-quotes-list+stock-prices:sample=80
09:55,集成电路,118.7409,proxy,ftshare:stock-quotes-list+stock-prices:sample=80
09:56,集成电路,118.0755,proxy,ftshare:stock-quotes-list+stock-prices:sample=80
09:57,集成电路,127.8058,proxy,ftshare:stock-quotes-list+stock-prices:sample=80
09:58,集成电路,120.0152,proxy,ftshare:stock-quotes-list+stock-prices:sample=80
09:59,集成电路,114.6235,proxy,ftshare:stock-quotes-list+stock-prices:sample=80
10:00,集成电路,105.2462,proxy,ftshare:stock-quotes-list+stock-prices:sample=80
10:01,集成电路,109.1863,proxy,ftshare:stock-quotes-list+stock-prices:sample=80
10:02,集成电路,116.8561,proxy,ftshare:stock-quotes-list+stock-prices:sample=80
10:03,集成电路,123.7307,proxy,ftshare:stock-quotes-list+stock-prices:sample=80
10:04,集成电路,111.7746,proxy,ftshare:stock-quotes-list+stock-prices:sample=80
10:05,集成电路,103.423,proxy,ftshare:stock-quotes-list+stock-prices:sample=80
10:06,集成电路,114.4187,proxy,ftshare:stock-quotes-list+stock-prices:sample=80
10:07,集成电路,103.9207,proxy,ftshare:stock-quotes-list+stock-prices:sample=80
10:08,集成电路,92.3211,proxy,ftshare:stock-quotes-list+stock-prices:sample=80
10:09,集成电路,77.7652,proxy,ftshare:stock-quotes-list+stock-prices:sample=80
10:10,集成电路,89.9928,proxy,ftshare:stock-quotes-list+stock-prices:sample=80
10:11,集成电路,100.117,proxy,ftshare:stock-quotes-list+stock-prices:sample=80
10:12,集成电路,97.392,proxy,ftshare:stock-quotes-list+stock-prices:sample=80
10:13,集成电路,92.7484,proxy,ftshare:stock-quotes-list+stock-prices:sample=80
10:14,集成电路,94.4571,proxy,ftshare:stock-quotes-list+stock-prices:sample=80
10:15,集成电路,98.788,proxy,ftshare:stock-quotes-list+stock-prices:sample=80
10:16,集成电路,87.9294,proxy,ftshare:stock-quotes-list+stock-prices:sample=80
10:17,集成电路,75.6632,proxy,ftshare:stock-quotes-list+stock-prices:sample=80
10:18,集成电路,85.8867,proxy,ftshare:stock-quotes-list+stock-prices:sample=80
10:19,集成电路,90.9951,proxy,ftshare:stock-quotes-list+stock-prices:sample=80
10:20,集成电路,98.2323,proxy,ftshare:stock-quotes-list+stock-prices:sample=80
10:21,集成电路,100.3956,proxy,ftshare:stock-quotes-list+stock-prices:sample=80
10:22,集成电路,100.9411,proxy,ftshare:stock-quotes-list+stock-prices:sample=80
10:23,集成电路,106.057,proxy,ftshare:stock-quotes-list+stock-prices:sample=80
10:24,集成电路,104.4858,proxy,ftshare:stock-quotes-list+stock-prices:sample=80
10:25,集成电路,95.9139,proxy,ftshare:stock-quotes-list+stock-prices:sample=80
10:26,集成电路,84.6382,proxy,ftshare:stock-quotes-list+stock-prices:sample=80
10:27,集成电路,88.0377,proxy,ftshare:stock-quotes-list+stock-prices:sample=80
10:28,集成电路,77.3887,proxy,ftshare:stock-quotes-list+stock-prices:sample=80
10:29,集成电路,63.2798,proxy,ftshare:stock-quotes-list+stock-prices:sample=80
10:30,集成电路,47.3285,proxy,ftshare:stock-quotes-list+stock-prices:sample=80
10:31,集成电路,53.0271,proxy,ftshare:stock-quotes-list+stock-prices:sample=80
10:32,集成电路,53.8643,proxy,ftshare:stock-quotes-list+stock-prices:sample=80
10:33,集成电路,51.258,proxy,ftshare:stock-quotes-list+stock-prices:sample=80
10:34,集成电路,38.2095,proxy,ftshare:stock-quotes-list+stock-prices:sample=80
10:35,集成电路,38.4958,proxy,ftshare:stock-quotes-list+stock-prices:sample=80
10:36,集成电路,47.5023,proxy,ftshare:stock-quotes-list+stock-prices:sample=80
10:37,集成电路,54.9676,proxy,ftshare:stock-quotes-list+stock-prices:sample=80
10:38,集成电路,63.2966,proxy,ftshare:stock-quotes-list+stock-prices:sample=80
10:39,集成电路,67.6345,proxy,ftshare:stock-quotes-list+stock-prices:sample=80
10:40,集成电路,70.5796,proxy,ftshare:stock-quotes-list+stock-prices:sample=80
10:41,集成电路,64.0069,proxy,ftshare:stock-quotes-list+stock-prices:sample=80
10:42,集成电路,60.4982,proxy,ftshare:stock-quotes-list+stock-prices:sample=80
10:43,集成电路,67.8271,proxy,ftshare:stock-quotes-list+stock-prices:sample=80
10:44,集成电路,64.9172,proxy,ftshare:stock-quotes-list+stock-prices:sample=80
10:45,集成电路,59.5817,proxy,ftshare:stock-quotes-list+stock-prices:sample=80
10:46,集成电路,52.1275,proxy,ftshare:stock-quotes-list+stock-prices:sample=80
10:47,集成电路,47.7559,proxy,ftshare:stock-quotes-list+stock-prices:sample=80
10:48,集成电路,42.1735,proxy,ftshare:stock-quotes-list+stock-prices:sample=80
10:49,集成电路,34.3912,proxy,ftshare:stock-quotes-list+stock-prices:sample=80
10:50,集成电路,25.111,proxy,ftshare:stock-quotes-list+stock-prices:sample=80
10:51,集成电路,24.7284,proxy,ftshare:stock-quotes-list+stock-prices:sample=80
10:52,集成电路,26.6258,proxy,ftshare:stock-quotes-list+stock-prices:sample=80
10:53,集成电路,28.5686,proxy,ftshare:stock-quotes-list+stock-prices:sample=80
10:54,集成电路,16.8922,proxy,ftshare:stock-quotes-list+stock-prices:sample=80
10:55,集成电路,1.2193,proxy,ftshare:stock-quotes-list+stock-prices:sample=80
10:56,集成电路,0.7149,proxy,ftshare:stock-quotes-list+stock-prices:sample=80
10:57,集成电路,7.5881,proxy,ftshare:stock-quotes-list+stock-prices:sample=80
10:58,集成电路,9.4346,proxy,ftshare:stock-quotes-list+stock-prices:sample=80
10:59,集成电路,13.1499,proxy,ftshare:stock-quotes-list+stock-prices:sample=80
11:00,集成电路,12.0982,proxy,ftshare:stock-quotes-list+stock-prices:sample=80
11:01,集成电路,15.3941,proxy,ftshare:stock-quotes-list+stock-prices:sample=80
11:02,集成电路,19.2283,proxy,ftshare:stock-quotes-list+stock-prices:sample=80
11:03,集成电路,21.8513,proxy,ftshare:stock-quotes-list+stock-prices:sample=80
11:04,集成电路,18.2324,proxy,ftshare:stock-quotes-list+stock-prices:sample=80
11:05,集成电路,16.6804,proxy,ftshare:stock-quotes-list+stock-prices:sample=80
11:06,集成电路,20.3147,proxy,ftshare:stock-quotes-list+stock-prices:sample=80
11:07,集成电路,15.0499,proxy,ftshare:stock-quotes-list+stock-prices:sample=80
11:08,集成电路,11.6393,proxy,ftshare:stock-quotes-list+stock-prices:sample=80
11:09,集成电路,4.7758,proxy,ftshare:stock-quotes-list+stock-prices:sample=80
11:10,集成电路,-1.3872,proxy,ftshare:stock-quotes-list+stock-prices:sample=80
11:11,集成电路,-0.1233,proxy,ftshare:stock-quotes-list+stock-prices:sample=80
11:12,集成电路,0.2173,proxy,ftshare:stock-quotes-list+stock-prices:sample=80
11:13,集成电路,3.7573,proxy,ftshare:stock-quotes-list+stock-prices:sample=80
11:14,集成电路,0.2645,proxy,ftshare:stock-quotes-list+stock-prices:sample=80
11:15,集成电路,2.6811,proxy,ftshare:stock-quotes-list+stock-prices:sample=80
11:16,集成电路,7.0968,proxy,ftshare:stock-quotes-list+stock-prices:sample=80
11:17,集成电路,6.5565,proxy,ftshare:stock-quotes-list+stock-prices:sample=80
11:18,集成电路,5.0947,proxy,ftshare:stock-quotes-list+stock-prices:sample=80
11:19,集成电路,5.6916,proxy,ftshare:stock-quotes-list+stock-prices:sample=80
11:20,集成电路,2.9593,proxy,ftshare:stock-quotes-list+stock-prices:sample=80
11:21,集成电路,-0.2639,proxy,ftshare:stock-quotes-list+stock-prices:sample=80
11:22,集成电路,-0.7001,proxy,ftshare:stock-quotes-list+stock-prices:sample=80
11:23,集成电路,-2.5135,proxy,ftshare:stock-quotes-list+stock-prices:sample=80
11:24,集成电路,-0.0587,proxy,ftshare:stock-quotes-list+stock-prices:sample=80
11:25,集成电路,3.4266,proxy,ftshare:stock-quotes-list+stock-prices:sample=80
11:26,集成电路,7.6105,proxy,ftshare:stock-quotes-list+stock-prices:sample=80
11:27,集成电路,9.5824,proxy,ftshare:stock-quotes-list+stock-prices:sample=80
11:28,集成电路,13.6838,proxy,ftshare:stock-quotes-list+stock-prices:sample=80
11:29,集成电路,18.3914,proxy,ftshare:stock-quotes-list+stock-prices:sample=80
11:30,集成电路,22.5629,proxy,ftshare:stock-quotes-list+stock-prices:sample=80
13:01,集成电路,20.4778,proxy,ftshare:stock-quotes-list+stock-prices:sample=80
13:02,集成电路,23.5487,proxy,ftshare:stock-quotes-list+stock-prices:sample=80
13:03,集成电路,24.5363,proxy,ftshare:stock-quotes-list+stock-prices:sample=80
13:04,集成电路,20.835,proxy,ftshare:stock-quotes-list+stock-prices:sample=80
13:05,集成电路,19.4267,proxy,ftshare:stock-quotes-list+stock-prices:sample=80
13:06,集成电路,27.2425,proxy,ftshare:stock-quotes-list+stock-prices:sample=80
13:07,集成电路,27.1144,proxy,ftshare:stock-quotes-list+stock-prices:sample=80
13:08,集成电路,26.8231,proxy,ftshare:stock-quotes-list+stock-prices:sample=80
13:09,集成电路,30.6046,proxy,ftshare:stock-quotes-list+stock-prices:sample=80
13:10,集成电路,33.187,proxy,ftshare:stock-quotes-list+stock-prices:sample=80
13:11,集成电路,31.7653,proxy,ftshare:stock-quotes-list+stock-prices:sample=80
13:12,集成电路,28.4069,proxy,ftshare:stock-quotes-list+stock-prices:sample=80
13:13,集成电路,28.6017,proxy,ftshare:stock-quotes-list+stock-prices:sample=80
13:14,集成电路,33.1597,proxy,ftshare:stock-quotes-list+stock-prices:sample=80
13:15,集成电路,39.3288,proxy,ftshare:stock-quotes-list+stock-prices:sample=80
13:16,集成电路,40.3169,proxy,ftshare:stock-quotes-list+stock-prices:sample=80
13:17,集成电路,40.8837,proxy,ftshare:stock-quotes-list+stock-prices:sample=80
13:18,集成电路,40.9952,proxy,ftshare:stock-quotes-list+stock-prices:sample=80
13:19,集成电路,37.6214,proxy,ftshare:stock-quotes-list+stock-prices:sample=80
13:20,集成电路,35.6056,proxy,ftshare:stock-quotes-list+stock-prices:sample=80
13:21,集成电路,31.6095,proxy,ftshare:stock-quotes-list+stock-prices:sample=80
13:22,集成电路,31.186,proxy,ftshare:stock-quotes-list+stock-prices:sample=80
13:23,集成电路,31.7842,proxy,ftshare:stock-quotes-list+stock-prices:sample=80
13:24,集成电路,29.0462,proxy,ftshare:stock-quotes-list+stock-prices:sample=80
13:25,集成电路,27.4539,proxy,ftshare:stock-quotes-list+stock-prices:sample=80
13:26,集成电路,26.5658,proxy,ftshare:stock-quotes-list+stock-prices:sample=80
13:27,集成电路,24.4971,proxy,ftshare:stock-quotes-list+stock-prices:sample=80
13:28,集成电路,18.8624,proxy,ftshare:stock-quotes-list+stock-prices:sample=80
13:29,集成电路,10.9727,proxy,ftshare:stock-quotes-list+stock-prices:sample=80
13:30,集成电路,15.0624,proxy,ftshare:stock-quotes-list+stock-prices:sample=80
13:31,集成电路,13.6065,proxy,ftshare:stock-quotes-list+stock-prices:sample=80
13:32,集成电路,17.5164,proxy,ftshare:stock-quotes-list+stock-prices:sample=80
13:33,集成电路,19.7001,proxy,ftshare:stock-quotes-list+stock-prices:sample=80
13:34,集成电路,17.6636,proxy,ftshare:stock-quotes-list+stock-prices:sample=80
13:35,集成电路,22.0952,proxy,ftshare:stock-quotes-list+stock-prices:sample=80
13:36,集成电路,26.2091,proxy,ftshare:stock-quotes-list+stock-prices:sample=80
13:37,集成电路,24.7792,proxy,ftshare:stock-quotes-list+stock-prices:sample=80
13:38,集成电路,24.4305,proxy,ftshare:stock-quotes-list+stock-prices:sample=80
13:39,集成电路,25.8994,proxy,ftshare:stock-quotes-list+stock-prices:sample=80
13:40,集成电路,26.3653,proxy,ftshare:stock-quotes-list+stock-prices:sample=80
13:41,集成电路,27.1241,proxy,ftshare:stock-quotes-list+stock-prices:sample=80
13:42,集成电路,28.542,proxy,ftshare:stock-quotes-list+stock-prices:sample=80
13:43,集成电路,26.1394,proxy,ftshare:stock-quotes-list+stock-prices:sample=80
13:44,集成电路,26.3595,proxy,ftshare:stock-quotes-list+stock-prices:sample=80
13:45,集成电路,26.3077,proxy,ftshare:stock-quotes-list+stock-prices:sample=80
13:46,集成电路,32.3834,proxy,ftshare:stock-quotes-list+stock-prices:sample=80
13:47,集成电路,34.1491,proxy,ftshare:stock-quotes-list+stock-prices:sample=80
13:48,集成电路,36.046,proxy,ftshare:stock-quotes-list+stock-prices:sample=80
13:49,集成电路,43.7838,proxy,ftshare:stock-quotes-list+stock-prices:sample=80
13:50,集成电路,45.0126,proxy,ftshare:stock-quotes-list+stock-prices:sample=80
13:51,集成电路,47.6691,proxy,ftshare:stock-quotes-list+stock-prices:sample=80
13:52,集成电路,45.987,proxy,ftshare:stock-quotes-list+stock-prices:sample=80
13:53,集成电路,44.9363,proxy,ftshare:stock-quotes-list+stock-prices:sample=80
13:54,集成电路,47.9504,proxy,ftshare:stock-quotes-list+stock-prices:sample=80
13:55,集成电路,46.8028,proxy,ftshare:stock-quotes-list+stock-prices:sample=80
13:56,集成电路,45.605,proxy,ftshare:stock-quotes-list+stock-prices:sample=80
13:57,集成电路,44.9883,proxy,ftshare:stock-quotes-list+stock-prices:sample=80
13:58,集成电路,41.2379,proxy,ftshare:stock-quotes-list+stock-prices:sample=80
13:59,集成电路,40.6401,proxy,ftshare:stock-quotes-list+stock-prices:sample=80
14:00,集成电路,42.7592,proxy,ftshare:stock-quotes-list+stock-prices:sample=80
14:01,集成电路,46.176,proxy,ftshare:stock-quotes-list+stock-prices:sample=80
14:02,集成电路,51.2256,proxy,ftshare:stock-quotes-list+stock-prices:sample=80
14:03,集成电路,57.0263,proxy,ftshare:stock-quotes-list+stock-prices:sample=80
14:04,集成电路,62.9313,proxy,ftshare:stock-quotes-list+stock-prices:sample=80
14:05,集成电路,61.6792,proxy,ftshare:stock-quotes-list+stock-prices:sample=80
14:06,集成电路,60.8802,proxy,ftshare:stock-quotes-list+stock-prices:sample=80
14:07,集成电路,60.1555,proxy,ftshare:stock-quotes-list+stock-prices:sample=80
14:08,集成电路,63.5236,proxy,ftshare:stock-quotes-list+stock-prices:sample=80
14:09,集成电路,62.8654,proxy,ftshare:stock-quotes-list+stock-prices:sample=80
14:10,集成电路,63.1141,proxy,ftshare:stock-quotes-list+stock-prices:sample=80
14:11,集成电路,61.8714,proxy,ftshare:stock-quotes-list+stock-prices:sample=80
14:12,集成电路,61.0902,proxy,ftshare:stock-quotes-list+stock-prices:sample=80
14:13,集成电路,56.8523,proxy,ftshare:stock-quotes-list+stock-prices:sample=80
14:14,集成电路,57.0114,proxy,ftshare:stock-quotes-list+stock-prices:sample=80
14:15,集成电路,61.5816,proxy,ftshare:stock-quotes-list+stock-prices:sample=80
14:16,集成电路,60.2576,proxy,ftshare:stock-quotes-list+stock-prices:sample=80
14:17,集成电路,59.055,proxy,ftshare:stock-quotes-list+stock-prices:sample=80
14:18,集成电路,62.4896,proxy,ftshare:stock-quotes-list+stock-prices:sample=80
14:19,集成电路,59.183,proxy,ftshare:stock-quotes-list+stock-prices:sample=80
14:20,集成电路,58.2891,proxy,ftshare:stock-quotes-list+stock-prices:sample=80
14:21,集成电路,57.0292,proxy,ftshare:stock-quotes-list+stock-prices:sample=80
14:22,集成电路,53.883,proxy,ftshare:stock-quotes-list+stock-prices:sample=80
14:23,集成电路,55.9694,proxy,ftshare:stock-quotes-list+stock-prices:sample=80
14:24,集成电路,56.7786,proxy,ftshare:stock-quotes-list+stock-prices:sample=80
14:25,集成电路,62.4014,proxy,ftshare:stock-quotes-list+stock-prices:sample=80
14:26,集成电路,61.1255,proxy,ftshare:stock-quotes-list+stock-prices:sample=80
14:27,集成电路,61.0532,proxy,ftshare:stock-quotes-list+stock-prices:sample=80
14:28,集成电路,58.0702,proxy,ftshare:stock-quotes-list+stock-prices:sample=80
14:29,集成电路,59.6344,proxy,ftshare:stock-quotes-list+stock-prices:sample=80
14:30,集成电路,62.796,proxy,ftshare:stock-quotes-list+stock-prices:sample=80
14:31,集成电路,64.3996,proxy,ftshare:stock-quotes-list+stock-prices:sample=80
14:32,集成电路,65.3091,proxy,ftshare:stock-quotes-list+stock-prices:sample=80
14:33,集成电路,68.1933,proxy,ftshare:stock-quotes-list+stock-prices:sample=80
14:34,集成电路,66.9811,proxy,ftshare:stock-quotes-list+stock-prices:sample=80
14:35,集成电路,72.0397,proxy,ftshare:stock-quotes-list+stock-prices:sample=80
14:36,集成电路,74.742,proxy,ftshare:stock-quotes-list+stock-prices:sample=80
14:37,集成电路,76.7235,proxy,ftshare:stock-quotes-list+stock-prices:sample=80
14:38,集成电路,78.5287,proxy,ftshare:stock-quotes-list+stock-prices:sample=80
14:39,集成电路,92.429,proxy,ftshare:stock-quotes-list+stock-prices:sample=80
14:40,集成电路,96.9333,proxy,ftshare:stock-quotes-list+stock-prices:sample=80
14:41,集成电路,93.5335,proxy,ftshare:stock-quotes-list+stock-prices:sample=80
14:42,集成电路,98.885,proxy,ftshare:stock-quotes-list+stock-prices:sample=80
14:43,集成电路,101.2763,proxy,ftshare:stock-quotes-list+stock-prices:sample=80
14:44,集成电路,100.8711,proxy,ftshare:stock-quotes-list+stock-prices:sample=80
14:45,集成电路,93.7857,proxy,ftshare:stock-quotes-list+stock-prices:sample=80
14:46,集成电路,87.7202,proxy,ftshare:stock-quotes-list+stock-prices:sample=80
14:47,集成电路,90.098,proxy,ftshare:stock-quotes-list+stock-prices:sample=80
14:48,集成电路,90.7473,proxy,ftshare:stock-quotes-list+stock-prices:sample=80
14:49,集成电路,87.3023,proxy,ftshare:stock-quotes-list+stock-prices:sample=80
14:50,集成电路,90.3028,proxy,ftshare:stock-quotes-list+stock-prices:sample=80
14:51,集成电路,94.2085,proxy,ftshare:stock-quotes-list+stock-prices:sample=80
14:52,集成电路,98.3818,proxy,ftshare:stock-quotes-list+stock-prices:sample=80
14:53,集成电路,103.1081,proxy,ftshare:stock-quotes-list+stock-prices:sample=80
14:54,集成电路,106.4917,proxy,ftshare:stock-quotes-list+stock-prices:sample=80
14:55,集成电路,108.3325,proxy,ftshare:stock-quotes-list+stock-prices:sample=80
14:56,集成电路,110.2463,proxy,ftshare:stock-quotes-list+stock-prices:sample=80
14:57,集成电路,117.2604,proxy,ftshare:stock-quotes-list+stock-prices:sample=80
14:58,集成电路,117.2592,proxy,ftshare:stock-quotes-list+stock-prices:sample=80
14:59,集成电路,117.2592,proxy,ftshare:stock-quotes-list+stock-prices:sample=80
15:00,集成电路,128.3335,proxy,ftshare:stock-quotes-list+stock-prices:sample=80
09:30,电气部件与设备,0.7176,proxy,ftshare:stock-quotes-list+stock-prices:sample=80
09:31,电气部件与设备,-6.5508,proxy,ftshare:stock-quotes-list+stock-prices:sample=80
09:32,电气部件与设备,-19.9857,proxy,ftshare:stock-quotes-list+stock-prices:sample=80
09:33,电气部件与设备,-24.011,proxy,ftshare:stock-quotes-list+stock-prices:sample=80
09:34,电气部件与设备,-31.3688,proxy,ftshare:stock-quotes-list+stock-prices:sample=80
09:35,电气部件与设备,-30.5744,proxy,ftshare:stock-quotes-list+stock-prices:sample=80
09:36,电气部件与设备,-24.8364,proxy,ftshare:stock-quotes-list+stock-prices:sample=80
09:37,电气部件与设备,-19.297,proxy,ftshare:stock-quotes-list+stock-prices:sample=80
09:38,电气部件与设备,-14.1378,proxy,ftshare:stock-quotes-list+stock-prices:sample=80
09:39,电气部件与设备,-7.6652,proxy,ftshare:stock-quotes-list+stock-prices:sample=80
09:40,电气部件与设备,1.5766,proxy,ftshare:stock-quotes-list+stock-prices:sample=80
09:41,电气部件与设备,-5.4667,proxy,ftshare:stock-quotes-list+stock-prices:sample=80
09:42,电气部件与设备,-0.7332,proxy,ftshare:stock-quotes-list+stock-prices:sample=80
09:43,电气部件与设备,-2.8175,proxy,ftshare:stock-quotes-list+stock-prices:sample=80
09:44,电气部件与设备,-2.1727,proxy,ftshare:stock-quotes-list+stock-prices:sample=80
09:45,电气部件与设备,0.8406,proxy,ftshare:stock-quotes-list+stock-prices:sample=80
09:46,电气部件与设备,-1.2774,proxy,ftshare:stock-quotes-list+stock-prices:sample=80
09:47,电气部件与设备,2.5337,proxy,ftshare:stock-quotes-list+stock-prices:sample=80
09:48,电气部件与设备,7.2685,proxy,ftshare:stock-quotes-list+stock-prices:sample=80
09:49,电气部件与设备,12.5607,proxy,ftshare:stock-quotes-list+stock-prices:sample=80
09:50,电气部件与设备,13.4973,proxy,ftshare:stock-quotes-list+stock-prices:sample=80
09:51,电气部件与设备,16.0626,proxy,ftshare:stock-quotes-list+stock-prices:sample=80
09:52,电气部件与设备,21.5042,proxy,ftshare:stock-quotes-list+stock-prices:sample=80
09:53,电气部件与设备,21.1981,proxy,ftshare:stock-quotes-list+stock-prices:sample=80
09:54,电气部件与设备,18.911,proxy,ftshare:stock-quotes-list+stock-prices:sample=80
09:55,电气部件与设备,16.8418,proxy,ftshare:stock-quotes-list+stock-prices:sample=80
09:56,电气部件与设备,13.9467,proxy,ftshare:stock-quotes-list+stock-prices:sample=80
09:57,电气部件与设备,11.5151,proxy,ftshare:stock-quotes-list+stock-prices:sample=80
09:58,电气部件与设备,9.1407,proxy,ftshare:stock-quotes-list+stock-prices:sample=80
09:59,电气部件与设备,8.0249,proxy,ftshare:stock-quotes-list+stock-prices:sample=80
10:00,电气部件与设备,5.5175,proxy,ftshare:stock-quotes-list+stock-prices:sample=80
10:01,电气部件与设备,2.9378,proxy,ftshare:stock-quotes-list+stock-prices:sample=80
10:02,电气部件与设备,3.8471,proxy,ftshare:stock-quotes-list+stock-prices:sample=80
10:03,电气部件与设备,5.0459,proxy,ftshare:stock-quotes-list+stock-prices:sample=80
10:04,电气部件与设备,8.1488,proxy,ftshare:stock-quotes-list+stock-prices:sample=80
10:05,电气部件与设备,11.1247,proxy,ftshare:stock-quotes-list+stock-prices:sample=80
10:06,电气部件与设备,16.0417,proxy,ftshare:stock-quotes-list+stock-prices:sample=80
10:07,电气部件与设备,24.3603,proxy,ftshare:stock-quotes-list+stock-prices:sample=80
10:08,电气部件与设备,23.4286,proxy,ftshare:stock-quotes-list+stock-prices:sample=80
10:09,电气部件与设备,21.3288,proxy,ftshare:stock-quotes-list+stock-prices:sample=80
10:10,电气部件与设备,18.0915,proxy,ftshare:stock-quotes-list+stock-prices:sample=80
10:11,电气部件与设备,21.0058,proxy,ftshare:stock-quotes-list+stock-prices:sample=80
10:12,电气部件与设备,24.2758,proxy,ftshare:stock-quotes-list+stock-prices:sample=80
10:13,电气部件与设备,23.6141,proxy,ftshare:stock-quotes-list+stock-prices:sample=80
10:14,电气部件与设备,22.1229,proxy,ftshare:stock-quotes-list+stock-prices:sample=80
10:15,电气部件与设备,26.0897,proxy,ftshare:stock-quotes-list+stock-prices:sample=80
10:16,电气部件与设备,22.5833,proxy,ftshare:stock-quotes-list+stock-prices:sample=80
10:17,电气部件与设备,21.433,proxy,ftshare:stock-quotes-list+stock-prices:sample=80
10:18,电气部件与设备,24.0613,proxy,ftshare:stock-quotes-list+stock-prices:sample=80
10:19,电气部件与设备,24.4883,proxy,ftshare:stock-quotes-list+stock-prices:sample=80
10:20,电气部件与设备,27.1733,proxy,ftshare:stock-quotes-list+stock-prices:sample=80
10:21,电气部件与设备,31.2605,proxy,ftshare:stock-quotes-list+stock-prices:sample=80
10:22,电气部件与设备,36.8174,proxy,ftshare:stock-quotes-list+stock-prices:sample=80
10:23,电气部件与设备,38.8672,proxy,ftshare:stock-quotes-list+stock-prices:sample=80
10:24,电气部件与设备,46.2669,proxy,ftshare:stock-quotes-list+stock-prices:sample=80
10:25,电气部件与设备,54.5053,proxy,ftshare:stock-quotes-list+stock-prices:sample=80
10:26,电气部件与设备,50.2826,proxy,ftshare:stock-quotes-list+stock-prices:sample=80
10:27,电气部件与设备,48.4709,proxy,ftshare:stock-quotes-list+stock-prices:sample=80
10:28,电气部件与设备,53.8304,proxy,ftshare:stock-quotes-list+stock-prices:sample=80
10:29,电气部件与设备,50.6167,proxy,ftshare:stock-quotes-list+stock-prices:sample=80
10:30,电气部件与设备,49.0439,proxy,ftshare:stock-quotes-list+stock-prices:sample=80
10:31,电气部件与设备,51.8406,proxy,ftshare:stock-quotes-list+stock-prices:sample=80
10:32,电气部件与设备,51.4781,proxy,ftshare:stock-quotes-list+stock-prices:sample=80
10:33,电气部件与设备,56.6266,proxy,ftshare:stock-quotes-list+stock-prices:sample=80
10:34,电气部件与设备,54.7753,proxy,ftshare:stock-quotes-list+stock-prices:sample=80
10:35,电气部件与设备,52.2662,proxy,ftshare:stock-quotes-list+stock-prices:sample=80
10:36,电气部件与设备,51.1123,proxy,ftshare:stock-quotes-list+stock-prices:sample=80
10:37,电气部件与设备,54.6515,proxy,ftshare:stock-quotes-list+stock-prices:sample=80
10:38,电气部件与设备,55.3163,proxy,ftshare:stock-quotes-list+stock-prices:sample=80
10:39,电气部件与设备,56.5757,proxy,ftshare:stock-quotes-list+stock-prices:sample=80
10:40,电气部件与设备,56.5238,proxy,ftshare:stock-quotes-list+stock-prices:sample=80
10:41,电气部件与设备,56.7209,proxy,ftshare:stock-quotes-list+stock-prices:sample=80
10:42,电气部件与设备,58.3517,proxy,ftshare:stock-quotes-list+stock-prices:sample=80
10:43,电气部件与设备,62.3595,proxy,ftshare:stock-quotes-list+stock-prices:sample=80
10:44,电气部件与设备,66.8511,proxy,ftshare:stock-quotes-list+stock-prices:sample=80
10:45,电气部件与设备,72.6943,proxy,ftshare:stock-quotes-list+stock-prices:sample=80
10:46,电气部件与设备,68.331,proxy,ftshare:stock-quotes-list+stock-prices:sample=80
10:47,电气部件与设备,71.1317,proxy,ftshare:stock-quotes-list+stock-prices:sample=80
10:48,电气部件与设备,69.2887,proxy,ftshare:stock-quotes-list+stock-prices:sample=80
10:49,电气部件与设备,67.6623,proxy,ftshare:stock-quotes-list+stock-prices:sample=80
10:50,电气部件与设备,68.2177,proxy,ftshare:stock-quotes-list+stock-prices:sample=80
10:51,电气部件与设备,71.5269,proxy,ftshare:stock-quotes-list+stock-prices:sample=80
10:52,电气部件与设备,69.5919,proxy,ftshare:stock-quotes-list+stock-prices:sample=80
10:53,电气部件与设备,72.3672,proxy,ftshare:stock-quotes-list+stock-prices:sample=80
10:54,电气部件与设备,70.6908,proxy,ftshare:stock-quotes-list+stock-prices:sample=80
10:55,电气部件与设备,68.7085,proxy,ftshare:stock-quotes-list+stock-prices:sample=80
10:56,电气部件与设备,68.1033,proxy,ftshare:stock-quotes-list+stock-prices:sample=80
10:57,电气部件与设备,69.4139,proxy,ftshare:stock-quotes-list+stock-prices:sample=80
10:58,电气部件与设备,69.3211,proxy,ftshare:stock-quotes-list+stock-prices:sample=80
10:59,电气部件与设备,70.8628,proxy,ftshare:stock-quotes-list+stock-prices:sample=80
11:00,电气部件与设备,70.3584,proxy,ftshare:stock-quotes-list+stock-prices:sample=80
11:01,电气部件与设备,72.1305,proxy,ftshare:stock-quotes-list+stock-prices:sample=80
11:02,电气部件与设备,72.435,proxy,ftshare:stock-quotes-list+stock-prices:sample=80
11:03,电气部件与设备,73.9293,proxy,ftshare:stock-quotes-list+stock-prices:sample=80
11:04,电气部件与设备,74.4357,proxy,ftshare:stock-quotes-list+stock-prices:sample=80
11:05,电气部件与设备,78.7181,proxy,ftshare:stock-quotes-list+stock-prices:sample=80
11:06,电气部件与设备,84.4761,proxy,ftshare:stock-quotes-list+stock-prices:sample=80
11:07,电气部件与设备,82.6285,proxy,ftshare:stock-quotes-list+stock-prices:sample=80
11:08,电气部件与设备,81.0339,proxy,ftshare:stock-quotes-list+stock-prices:sample=80
11:09,电气部件与设备,79.5979,proxy,ftshare:stock-quotes-list+stock-prices:sample=80
11:10,电气部件与设备,77.96,proxy,ftshare:stock-quotes-list+stock-prices:sample=80
11:11,电气部件与设备,79.3323,proxy,ftshare:stock-quotes-list+stock-prices:sample=80
11:12,电气部件与设备,80.2448,proxy,ftshare:stock-quotes-list+stock-prices:sample=80
11:13,电气部件与设备,81.7003,proxy,ftshare:stock-quotes-list+stock-prices:sample=80
11:14,电气部件与设备,81.3987,proxy,ftshare:stock-quotes-list+stock-prices:sample=80
11:15,电气部件与设备,80.8269,proxy,ftshare:stock-quotes-list+stock-prices:sample=80
11:16,电气部件与设备,80.2475,proxy,ftshare:stock-quotes-list+stock-prices:sample=80
11:17,电气部件与设备,79.3263,proxy,ftshare:stock-quotes-list+stock-prices:sample=80
11:18,电气部件与设备,80.8385,proxy,ftshare:stock-quotes-list+stock-prices:sample=80
11:19,电气部件与设备,82.4393,proxy,ftshare:stock-quotes-list+stock-prices:sample=80
11:20,电气部件与设备,82.3707,proxy,ftshare:stock-quotes-list+stock-prices:sample=80
11:21,电气部件与设备,81.512,proxy,ftshare:stock-quotes-list+stock-prices:sample=80
11:22,电气部件与设备,84.0001,proxy,ftshare:stock-quotes-list+stock-prices:sample=80
11:23,电气部件与设备,84.2417,proxy,ftshare:stock-quotes-list+stock-prices:sample=80
11:24,电气部件与设备,86.9325,proxy,ftshare:stock-quotes-list+stock-prices:sample=80
11:25,电气部件与设备,90.6908,proxy,ftshare:stock-quotes-list+stock-prices:sample=80
11:26,电气部件与设备,93.5095,proxy,ftshare:stock-quotes-list+stock-prices:sample=80
11:27,电气部件与设备,94.0389,proxy,ftshare:stock-quotes-list+stock-prices:sample=80
11:28,电气部件与设备,96.2179,proxy,ftshare:stock-quotes-list+stock-prices:sample=80
11:29,电气部件与设备,99.3955,proxy,ftshare:stock-quotes-list+stock-prices:sample=80
11:30,电气部件与设备,100.3882,proxy,ftshare:stock-quotes-list+stock-prices:sample=80
13:01,电气部件与设备,100.8487,proxy,ftshare:stock-quotes-list+stock-prices:sample=80
13:02,电气部件与设备,99.4539,proxy,ftshare:stock-quotes-list+stock-prices:sample=80
13:03,电气部件与设备,97.7165,proxy,ftshare:stock-quotes-list+stock-prices:sample=80
13:04,电气部件与设备,96.9005,proxy,ftshare:stock-quotes-list+stock-prices:sample=80
13:05,电气部件与设备,98.0345,proxy,ftshare:stock-quotes-list+stock-prices:sample=80
13:06,电气部件与设备,98.0268,proxy,ftshare:stock-quotes-list+stock-prices:sample=80
13:07,电气部件与设备,97.2098,proxy,ftshare:stock-quotes-list+stock-prices:sample=80
13:08,电气部件与设备,95.7813,proxy,ftshare:stock-quotes-list+stock-prices:sample=80
13:09,电气部件与设备,96.2218,proxy,ftshare:stock-quotes-list+stock-prices:sample=80
13:10,电气部件与设备,96.241,proxy,ftshare:stock-quotes-list+stock-prices:sample=80
13:11,电气部件与设备,94.7053,proxy,ftshare:stock-quotes-list+stock-prices:sample=80
13:12,电气部件与设备,93.449,proxy,ftshare:stock-quotes-list+stock-prices:sample=80
13:13,电气部件与设备,93.6774,proxy,ftshare:stock-quotes-list+stock-prices:sample=80
13:14,电气部件与设备,94.317,proxy,ftshare:stock-quotes-list+stock-prices:sample=80
13:15,电气部件与设备,94.9567,proxy,ftshare:stock-quotes-list+stock-prices:sample=80
13:16,电气部件与设备,96.3303,proxy,ftshare:stock-quotes-list+stock-prices:sample=80
13:17,电气部件与设备,97.3295,proxy,ftshare:stock-quotes-list+stock-prices:sample=80
13:18,电气部件与设备,95.9849,proxy,ftshare:stock-quotes-list+stock-prices:sample=80
13:19,电气部件与设备,96.1127,proxy,ftshare:stock-quotes-list+stock-prices:sample=80
13:20,电气部件与设备,95.5325,proxy,ftshare:stock-quotes-list+stock-prices:sample=80
13:21,电气部件与设备,94.2841,proxy,ftshare:stock-quotes-list+stock-prices:sample=80
13:22,电气部件与设备,94.8767,proxy,ftshare:stock-quotes-list+stock-prices:sample=80
13:23,电气部件与设备,96.1012,proxy,ftshare:stock-quotes-list+stock-prices:sample=80
13:24,电气部件与设备,97.0195,proxy,ftshare:stock-quotes-list+stock-prices:sample=80
13:25,电气部件与设备,96.0687,proxy,ftshare:stock-quotes-list+stock-prices:sample=80
13:26,电气部件与设备,95.465,proxy,ftshare:stock-quotes-list+stock-prices:sample=80
13:27,电气部件与设备,96.1132,proxy,ftshare:stock-quotes-list+stock-prices:sample=80
13:28,电气部件与设备,95.4528,proxy,ftshare:stock-quotes-list+stock-prices:sample=80
13:29,电气部件与设备,93.8289,proxy,ftshare:stock-quotes-list+stock-prices:sample=80
13:30,电气部件与设备,94.8672,proxy,ftshare:stock-quotes-list+stock-prices:sample=80
13:31,电气部件与设备,93.3701,proxy,ftshare:stock-quotes-list+stock-prices:sample=80
13:32,电气部件与设备,93.4583,proxy,ftshare:stock-quotes-list+stock-prices:sample=80
13:33,电气部件与设备,92.888,proxy,ftshare:stock-quotes-list+stock-prices:sample=80
13:34,电气部件与设备,92.3517,proxy,ftshare:stock-quotes-list+stock-prices:sample=80
13:35,电气部件与设备,93.877,proxy,ftshare:stock-quotes-list+stock-prices:sample=80
13:36,电气部件与设备,95.5653,proxy,ftshare:stock-quotes-list+stock-prices:sample=80
13:37,电气部件与设备,94.9093,proxy,ftshare:stock-quotes-list+stock-prices:sample=80
13:38,电气部件与设备,94.739,proxy,ftshare:stock-quotes-list+stock-prices:sample=80
13:39,电气部件与设备,93.7388,proxy,ftshare:stock-quotes-list+stock-prices:sample=80
13:40,电气部件与设备,93.2132,proxy,ftshare:stock-quotes-list+stock-prices:sample=80
13:41,电气部件与设备,92.0685,proxy,ftshare:stock-quotes-list+stock-prices:sample=80
13:42,电气部件与设备,92.6149,proxy,ftshare:stock-quotes-list+stock-prices:sample=80
13:43,电气部件与设备,91.8579,proxy,ftshare:stock-quotes-list+stock-prices:sample=80
13:44,电气部件与设备,91.0041,proxy,ftshare:stock-quotes-list+stock-prices:sample=80
13:45,电气部件与设备,91.5792,proxy,ftshare:stock-quotes-list+stock-prices:sample=80
13:46,电气部件与设备,92.5862,proxy,ftshare:stock-quotes-list+stock-prices:sample=80
13:47,电气部件与设备,92.911,proxy,ftshare:stock-quotes-list+stock-prices:sample=80
13:48,电气部件与设备,93.0648,proxy,ftshare:stock-quotes-list+stock-prices:sample=80
13:49,电气部件与设备,93.9876,proxy,ftshare:stock-quotes-list+stock-prices:sample=80
13:50,电气部件与设备,94.8001,proxy,ftshare:stock-quotes-list+stock-prices:sample=80
13:51,电气部件与设备,95.5127,proxy,ftshare:stock-quotes-list+stock-prices:sample=80
13:52,电气部件与设备,95.7782,proxy,ftshare:stock-quotes-list+stock-prices:sample=80
13:53,电气部件与设备,95.1013,proxy,ftshare:stock-quotes-list+stock-prices:sample=80
13:54,电气部件与设备,94.8178,proxy,ftshare:stock-quotes-list+stock-prices:sample=80
13:55,电气部件与设备,94.7906,proxy,ftshare:stock-quotes-list+stock-prices:sample=80
13:56,电气部件与设备,94.154,proxy,ftshare:stock-quotes-list+stock-prices:sample=80
13:57,电气部件与设备,94.3107,proxy,ftshare:stock-quotes-list+stock-prices:sample=80
13:58,电气部件与设备,93.562,proxy,ftshare:stock-quotes-list+stock-prices:sample=80
13:59,电气部件与设备,93.2655,proxy,ftshare:stock-quotes-list+stock-prices:sample=80
14:00,电气部件与设备,93.5344,proxy,ftshare:stock-quotes-list+stock-prices:sample=80
14:01,电气部件与设备,94.4846,proxy,ftshare:stock-quotes-list+stock-prices:sample=80
14:02,电气部件与设备,95.4611,proxy,ftshare:stock-quotes-list+stock-prices:sample=80
14:03,电气部件与设备,96.5911,proxy,ftshare:stock-quotes-list+stock-prices:sample=80
14:04,电气部件与设备,97.5338,proxy,ftshare:stock-quotes-list+stock-prices:sample=80
14:05,电气部件与设备,98.8412,proxy,ftshare:stock-quotes-list+stock-prices:sample=80
14:06,电气部件与设备,99.7054,proxy,ftshare:stock-quotes-list+stock-prices:sample=80
14:07,电气部件与设备,100.7466,proxy,ftshare:stock-quotes-list+stock-prices:sample=80
14:08,电气部件与设备,102.744,proxy,ftshare:stock-quotes-list+stock-prices:sample=80
14:09,电气部件与设备,103.807,proxy,ftshare:stock-quotes-list+stock-prices:sample=80
14:10,电气部件与设备,104.9139,proxy,ftshare:stock-quotes-list+stock-prices:sample=80
14:11,电气部件与设备,106.1862,proxy,ftshare:stock-quotes-list+stock-prices:sample=80
14:12,电气部件与设备,105.197,proxy,ftshare:stock-quotes-list+stock-prices:sample=80
14:13,电气部件与设备,103.7584,proxy,ftshare:stock-quotes-list+stock-prices:sample=80
14:14,电气部件与设备,104.589,proxy,ftshare:stock-quotes-list+stock-prices:sample=80
14:15,电气部件与设备,105.5862,proxy,ftshare:stock-quotes-list+stock-prices:sample=80
14:16,电气部件与设备,104.9333,proxy,ftshare:stock-quotes-list+stock-prices:sample=80
14:17,电气部件与设备,104.0756,proxy,ftshare:stock-quotes-list+stock-prices:sample=80
14:18,电气部件与设备,105.4696,proxy,ftshare:stock-quotes-list+stock-prices:sample=80
14:19,电气部件与设备,105.1832,proxy,ftshare:stock-quotes-list+stock-prices:sample=80
14:20,电气部件与设备,104.3615,proxy,ftshare:stock-quotes-list+stock-prices:sample=80
14:21,电气部件与设备,104.5197,proxy,ftshare:stock-quotes-list+stock-prices:sample=80
14:22,电气部件与设备,103.6691,proxy,ftshare:stock-quotes-list+stock-prices:sample=80
14:23,电气部件与设备,104.2156,proxy,ftshare:stock-quotes-list+stock-prices:sample=80
14:24,电气部件与设备,105.024,proxy,ftshare:stock-quotes-list+stock-prices:sample=80
14:25,电气部件与设备,106.4404,proxy,ftshare:stock-quotes-list+stock-prices:sample=80
14:26,电气部件与设备,106.749,proxy,ftshare:stock-quotes-list+stock-prices:sample=80
14:27,电气部件与设备,105.638,proxy,ftshare:stock-quotes-list+stock-prices:sample=80
14:28,电气部件与设备,105.0166,proxy,ftshare:stock-quotes-list+stock-prices:sample=80
14:29,电气部件与设备,105.6514,proxy,ftshare:stock-quotes-list+stock-prices:sample=80
14:30,电气部件与设备,106.2666,proxy,ftshare:stock-quotes-list+stock-prices:sample=80
14:31,电气部件与设备,107.5807,proxy,ftshare:stock-quotes-list+stock-prices:sample=80
14:32,电气部件与设备,108.0591,proxy,ftshare:stock-quotes-list+stock-prices:sample=80
14:33,电气部件与设备,107.9244,proxy,ftshare:stock-quotes-list+stock-prices:sample=80
14:34,电气部件与设备,108.492,proxy,ftshare:stock-quotes-list+stock-prices:sample=80
14:35,电气部件与设备,108.4164,proxy,ftshare:stock-quotes-list+stock-prices:sample=80
14:36,电气部件与设备,107.4439,proxy,ftshare:stock-quotes-list+stock-prices:sample=80
14:37,电气部件与设备,109.3604,proxy,ftshare:stock-quotes-list+stock-prices:sample=80
14:38,电气部件与设备,110.9405,proxy,ftshare:stock-quotes-list+stock-prices:sample=80
14:39,电气部件与设备,110.8152,proxy,ftshare:stock-quotes-list+stock-prices:sample=80
14:40,电气部件与设备,110.8266,proxy,ftshare:stock-quotes-list+stock-prices:sample=80
14:41,电气部件与设备,112.5497,proxy,ftshare:stock-quotes-list+stock-prices:sample=80
14:42,电气部件与设备,112.8578,proxy,ftshare:stock-quotes-list+stock-prices:sample=80
14:43,电气部件与设备,112.9113,proxy,ftshare:stock-quotes-list+stock-prices:sample=80
14:44,电气部件与设备,111.4515,proxy,ftshare:stock-quotes-list+stock-prices:sample=80
14:45,电气部件与设备,110.0105,proxy,ftshare:stock-quotes-list+stock-prices:sample=80
14:46,电气部件与设备,108.5321,proxy,ftshare:stock-quotes-list+stock-prices:sample=80
14:47,电气部件与设备,109.5599,proxy,ftshare:stock-quotes-list+stock-prices:sample=80
14:48,电气部件与设备,110.3612,proxy,ftshare:stock-quotes-list+stock-prices:sample=80
14:49,电气部件与设备,108.5395,proxy,ftshare:stock-quotes-list+stock-prices:sample=80
14:50,电气部件与设备,110.2246,proxy,ftshare:stock-quotes-list+stock-prices:sample=80
14:51,电气部件与设备,109.8221,proxy,ftshare:stock-quotes-list+stock-prices:sample=80
14:52,电气部件与设备,110.3423,proxy,ftshare:stock-quotes-list+stock-prices:sample=80
14:53,电气部件与设备,110.5767,proxy,ftshare:stock-quotes-list+stock-prices:sample=80
14:54,电气部件与设备,112.0781,proxy,ftshare:stock-quotes-list+stock-prices:sample=80
14:55,电气部件与设备,111.7,proxy,ftshare:stock-quotes-list+stock-prices:sample=80
14:56,电气部件与设备,111.6194,proxy,ftshare:stock-quotes-list+stock-prices:sample=80
14:57,电气部件与设备,112.4616,proxy,ftshare:stock-quotes-list+stock-prices:sample=80
14:58,电气部件与设备,112.4673,proxy,ftshare:stock-quotes-list+stock-prices:sample=80
14:59,电气部件与设备,112.4673,proxy,ftshare:stock-quotes-list+stock-prices:sample=80
15:00,电气部件与设备,113.5484,proxy,ftshare:stock-quotes-list+stock-prices:sample=80
09:30,证券,-0.5782,proxy,ftshare:stock-quotes-list+stock-prices:sample=80
09:31,证券,1.72,proxy,ftshare:stock-quotes-list+stock-prices:sample=80
09:32,证券,3.3978,proxy,ftshare:stock-quotes-list+stock-prices:sample=80
09:33,证券,4.4226,proxy,ftshare:stock-quotes-list+stock-prices:sample=80
09:34,证券,5.489,proxy,ftshare:stock-quotes-list+stock-prices:sample=80
09:35,证券,6.9547,proxy,ftshare:stock-quotes-list+stock-prices:sample=80
09:36,证券,6.1152,proxy,ftshare:stock-quotes-list+stock-prices:sample=80
09:37,证券,7.6149,proxy,ftshare:stock-quotes-list+stock-prices:sample=80
09:38,证券,6.1483,proxy,ftshare:stock-quotes-list+stock-prices:sample=80
09:39,证券,6.5603,proxy,ftshare:stock-quotes-list+stock-prices:sample=80
09:40,证券,8.2053,proxy,ftshare:stock-quotes-list+stock-prices:sample=80
09:41,证券,7.0364,proxy,ftshare:stock-quotes-list+stock-prices:sample=80
09:42,证券,6.118,proxy,ftshare:stock-quotes-list+stock-prices:sample=80
09:43,证券,5.2131,proxy,ftshare:stock-quotes-list+stock-prices:sample=80
09:44,证券,6.2655,proxy,ftshare:stock-quotes-list+stock-prices:sample=80
09:45,证券,7.0992,proxy,ftshare:stock-quotes-list+stock-prices:sample=80
09:46,证券,9.1597,proxy,ftshare:stock-quotes-list+stock-prices:sample=80
09:47,证券,7.9998,proxy,ftshare:stock-quotes-list+stock-prices:sample=80
09:48,证券,7.3941,proxy,ftshare:stock-quotes-list+stock-prices:sample=80
09:49,证券,8.5853,proxy,ftshare:stock-quotes-list+stock-prices:sample=80
09:50,证券,8.7073,proxy,ftshare:stock-quotes-list+stock-prices:sample=80
09:51,证券,10.3274,proxy,ftshare:stock-quotes-list+stock-prices:sample=80
09:52,证券,11.565,proxy,ftshare:stock-quotes-list+stock-prices:sample=80
09:53,证券,10.9545,proxy,ftshare:stock-quotes-list+stock-prices:sample=80
09:54,证券,10.2491,proxy,ftshare:stock-quotes-list+stock-prices:sample=80
09:55,证券,9.6979,proxy,ftshare:stock-quotes-list+stock-prices:sample=80
09:56,证券,9.2652,proxy,ftshare:stock-quotes-list+stock-prices:sample=80
09:57,证券,9.8302,proxy,ftshare:stock-quotes-list+stock-prices:sample=80
09:58,证券,9.2357,proxy,ftshare:stock-quotes-list+stock-prices:sample=80
09:59,证券,9.7958,proxy,ftshare:stock-quotes-list+stock-prices:sample=80
10:00,证券,9.6505,proxy,ftshare:stock-quotes-list+stock-prices:sample=80
10:01,证券,8.9677,proxy,ftshare:stock-quotes-list+stock-prices:sample=80
10:02,证券,9.5018,proxy,ftshare:stock-quotes-list+stock-prices:sample=80
10:03,证券,8.9306,proxy,ftshare:stock-quotes-list+stock-prices:sample=80
10:04,证券,8.9779,proxy,ftshare:stock-quotes-list+stock-prices:sample=80
10:05,证券,8.4022,proxy,ftshare:stock-quotes-list+stock-prices:sample=80
10:06,证券,8.7746,proxy,ftshare:stock-quotes-list+stock-prices:sample=80
10:07,证券,8.6953,proxy,ftshare:stock-quotes-list+stock-prices:sample=80
10:08,证券,9.2013,proxy,ftshare:stock-quotes-list+stock-prices:sample=80
10:09,证券,9.9199,proxy,ftshare:stock-quotes-list+stock-prices:sample=80
10:10,证券,11.5731,proxy,ftshare:stock-quotes-list+stock-prices:sample=80
10:11,证券,10.5769,proxy,ftshare:stock-quotes-list+stock-prices:sample=80
10:12,证券,10.0469,proxy,ftshare:stock-quotes-list+stock-prices:sample=80
10:13,证券,10.6668,proxy,ftshare:stock-quotes-list+stock-prices:sample=80
10:14,证券,10.6668,proxy,ftshare:stock-quotes-list+stock-prices:sample=80
10:15,证券,10.0337,proxy,ftshare:stock-quotes-list+stock-prices:sample=80
10:16,证券,9.521,proxy,ftshare:stock-quotes-list+stock-prices:sample=80
10:17,证券,9.2734,proxy,ftshare:stock-quotes-list+stock-prices:sample=80
10:18,证券,8.8599,proxy,ftshare:stock-quotes-list+stock-prices:sample=80
10:19,证券,9.259,proxy,ftshare:stock-quotes-list+stock-prices:sample=80
10:20,证券,9.5126,proxy,ftshare:stock-quotes-list+stock-prices:sample=80
10:21,证券,9.7786,proxy,ftshare:stock-quotes-list+stock-prices:sample=80
10:22,证券,9.7574,proxy,ftshare:stock-quotes-list+stock-prices:sample=80
10:23,证券,10.1911,proxy,ftshare:stock-quotes-list+stock-prices:sample=80
10:24,证券,10.8618,proxy,ftshare:stock-quotes-list+stock-prices:sample=80
10:25,证券,10.507,proxy,ftshare:stock-quotes-list+stock-prices:sample=80
10:26,证券,10.7832,proxy,ftshare:stock-quotes-list+stock-prices:sample=80
10:27,证券,10.5071,proxy,ftshare:stock-quotes-list+stock-prices:sample=80
10:28,证券,9.7306,proxy,ftshare:stock-quotes-list+stock-prices:sample=80
10:29,证券,10.0518,proxy,ftshare:stock-quotes-list+stock-prices:sample=80
10:30,证券,9.2436,proxy,ftshare:stock-quotes-list+stock-prices:sample=80
10:31,证券,9.7347,proxy,ftshare:stock-quotes-list+stock-prices:sample=80
10:32,证券,10.0221,proxy,ftshare:stock-quotes-list+stock-prices:sample=80
10:33,证券,10.3413,proxy,ftshare:stock-quotes-list+stock-prices:sample=80
10:34,证券,10.1774,proxy,ftshare:stock-quotes-list+stock-prices:sample=80
10:35,证券,10.6108,proxy,ftshare:stock-quotes-list+stock-prices:sample=80
10:36,证券,12.1027,proxy,ftshare:stock-quotes-list+stock-prices:sample=80
10:37,证券,12.8921,proxy,ftshare:stock-quotes-list+stock-prices:sample=80
10:38,证券,13.3479,proxy,ftshare:stock-quotes-list+stock-prices:sample=80
10:39,证券,12.6947,proxy,ftshare:stock-quotes-list+stock-prices:sample=80
10:40,证券,12.7634,proxy,ftshare:stock-quotes-list+stock-prices:sample=80
10:41,证券,13.4323,proxy,ftshare:stock-quotes-list+stock-prices:sample=80
10:42,证券,13.5194,proxy,ftshare:stock-quotes-list+stock-prices:sample=80
10:43,证券,14.8793,proxy,ftshare:stock-quotes-list+stock-prices:sample=80
10:44,证券,17.1249,proxy,ftshare:stock-quotes-list+stock-prices:sample=80
10:45,证券,19.3424,proxy,ftshare:stock-quotes-list+stock-prices:sample=80
10:46,证券,22.3593,proxy,ftshare:stock-quotes-list+stock-prices:sample=80
10:47,证券,22.8947,proxy,ftshare:stock-quotes-list+stock-prices:sample=80
10:48,证券,24.6611,proxy,ftshare:stock-quotes-list+stock-prices:sample=80
10:49,证券,26.0346,proxy,ftshare:stock-quotes-list+stock-prices:sample=80
10:50,证券,24.3941,proxy,ftshare:stock-quotes-list+stock-prices:sample=80
10:51,证券,25.3898,proxy,ftshare:stock-quotes-list+stock-prices:sample=80
10:52,证券,26.7731,proxy,ftshare:stock-quotes-list+stock-prices:sample=80
10:53,证券,30.7166,proxy,ftshare:stock-quotes-list+stock-prices:sample=80
10:54,证券,26.643,proxy,ftshare:stock-quotes-list+stock-prices:sample=80
10:55,证券,25.62,proxy,ftshare:stock-quotes-list+stock-prices:sample=80
10:56,证券,27.0319,proxy,ftshare:stock-quotes-list+stock-prices:sample=80
10:57,证券,28.8423,proxy,ftshare:stock-quotes-list+stock-prices:sample=80
10:58,证券,31.8798,proxy,ftshare:stock-quotes-list+stock-prices:sample=80
10:59,证券,34.8497,proxy,ftshare:stock-quotes-list+stock-prices:sample=80
11:00,证券,34.638,proxy,ftshare:stock-quotes-list+stock-prices:sample=80
11:01,证券,32.8232,proxy,ftshare:stock-quotes-list+stock-prices:sample=80
11:02,证券,31.6423,proxy,ftshare:stock-quotes-list+stock-prices:sample=80
11:03,证券,30.6908,proxy,ftshare:stock-quotes-list+stock-prices:sample=80
11:04,证券,29.6365,proxy,ftshare:stock-quotes-list+stock-prices:sample=80
11:05,证券,30.5975,proxy,ftshare:stock-quotes-list+stock-prices:sample=80
11:06,证券,30.7633,proxy,ftshare:stock-quotes-list+stock-prices:sample=80
11:07,证券,29.8123,proxy,ftshare:stock-quotes-list+stock-prices:sample=80
11:08,证券,30.3189,proxy,ftshare:stock-quotes-list+stock-prices:sample=80
11:09,证券,29.7099,proxy,ftshare:stock-quotes-list+stock-prices:sample=80
11:10,证券,29.3186,proxy,ftshare:stock-quotes-list+stock-prices:sample=80
11:11,证券,29.2441,proxy,ftshare:stock-quotes-list+stock-prices:sample=80
11:12,证券,28.5071,proxy,ftshare:stock-quotes-list+stock-prices:sample=80
11:13,证券,29.1335,proxy,ftshare:stock-quotes-list+stock-prices:sample=80
11:14,证券,28.8167,proxy,ftshare:stock-quotes-list+stock-prices:sample=80
11:15,证券,28.3217,proxy,ftshare:stock-quotes-list+stock-prices:sample=80
11:16,证券,28.4372,proxy,ftshare:stock-quotes-list+stock-prices:sample=80
11:17,证券,29.0787,proxy,ftshare:stock-quotes-list+stock-prices:sample=80
11:18,证券,29.9856,proxy,ftshare:stock-quotes-list+stock-prices:sample=80
11:19,证券,31.2405,proxy,ftshare:stock-quotes-list+stock-prices:sample=80
11:20,证券,31.5837,proxy,ftshare:stock-quotes-list+stock-prices:sample=80
11:21,证券,30.9307,proxy,ftshare:stock-quotes-list+stock-prices:sample=80
11:22,证券,32.1914,proxy,ftshare:stock-quotes-list+stock-prices:sample=80
11:23,证券,32.3871,proxy,ftshare:stock-quotes-list+stock-prices:sample=80
11:24,证券,34.7262,proxy,ftshare:stock-quotes-list+stock-prices:sample=80
11:25,证券,34.6349,proxy,ftshare:stock-quotes-list+stock-prices:sample=80
11:26,证券,37.1943,proxy,ftshare:stock-quotes-list+stock-prices:sample=80
11:27,证券,39.4103,proxy,ftshare:stock-quotes-list+stock-prices:sample=80
11:28,证券,39.4103,proxy,ftshare:stock-quotes-list+stock-prices:sample=80
11:29,证券,43.7974,proxy,ftshare:stock-quotes-list+stock-prices:sample=80
11:30,证券,47.6048,proxy,ftshare:stock-quotes-list+stock-prices:sample=80
13:01,证券,39.0585,proxy,ftshare:stock-quotes-list+stock-prices:sample=80
13:02,证券,38.7969,proxy,ftshare:stock-quotes-list+stock-prices:sample=80
13:03,证券,39.9583,proxy,ftshare:stock-quotes-list+stock-prices:sample=80
13:04,证券,40.2274,proxy,ftshare:stock-quotes-list+stock-prices:sample=80
13:05,证券,40.467,proxy,ftshare:stock-quotes-list+stock-prices:sample=80
13:06,证券,41.3292,proxy,ftshare:stock-quotes-list+stock-prices:sample=80
13:07,证券,40.577,proxy,ftshare:stock-quotes-list+stock-prices:sample=80
13:08,证券,41.7132,proxy,ftshare:stock-quotes-list+stock-prices:sample=80
13:09,证券,42.5857,proxy,ftshare:stock-quotes-list+stock-prices:sample=80
13:10,证券,43.2857,proxy,ftshare:stock-quotes-list+stock-prices:sample=80
13:11,证券,44.3404,proxy,ftshare:stock-quotes-list+stock-prices:sample=80
13:12,证券,47.6638,proxy,ftshare:stock-quotes-list+stock-prices:sample=80
13:13,证券,48.2122,proxy,ftshare:stock-quotes-list+stock-prices:sample=80
13:14,证券,50.9333,proxy,ftshare:stock-quotes-list+stock-prices:sample=80
13:15,证券,54.9184,proxy,ftshare:stock-quotes-list+stock-prices:sample=80
13:16,证券,57.3849,proxy,ftshare:stock-quotes-list+stock-prices:sample=80
13:17,证券,57.5582,proxy,ftshare:stock-quotes-list+stock-prices:sample=80
13:18,证券,60.6855,proxy,ftshare:stock-quotes-list+stock-prices:sample=80
13:19,证券,58.2217,proxy,ftshare:stock-quotes-list+stock-prices:sample=80
13:20,证券,58.931,proxy,ftshare:stock-quotes-list+stock-prices:sample=80
13:21,证券,60.9702,proxy,ftshare:stock-quotes-list+stock-prices:sample=80
13:22,证券,61.5022,proxy,ftshare:stock-quotes-list+stock-prices:sample=80
13:23,证券,59.4903,proxy,ftshare:stock-quotes-list+stock-prices:sample=80
13:24,证券,64.9551,proxy,ftshare:stock-quotes-list+stock-prices:sample=80
13:25,证券,67.0262,proxy,ftshare:stock-quotes-list+stock-prices:sample=80
13:26,证券,71.6624,proxy,ftshare:stock-quotes-list+stock-prices:sample=80
13:27,证券,76.8008,proxy,ftshare:stock-quotes-list+stock-prices:sample=80
13:28,证券,82.404,proxy,ftshare:stock-quotes-list+stock-prices:sample=80
13:29,证券,77.8738,proxy,ftshare:stock-quotes-list+stock-prices:sample=80
13:30,证券,78.8624,proxy,ftshare:stock-quotes-list+stock-prices:sample=80
13:31,证券,83.3876,proxy,ftshare:stock-quotes-list+stock-prices:sample=80
13:32,证券,80.7374,proxy,ftshare:stock-quotes-list+stock-prices:sample=80
13:33,证券,84.783,proxy,ftshare:stock-quotes-list+stock-prices:sample=80
13:34,证券,82.873,proxy,ftshare:stock-quotes-list+stock-prices:sample=80
13:35,证券,83.9061,proxy,ftshare:stock-quotes-list+stock-prices:sample=80
13:36,证券,83.9061,proxy,ftshare:stock-quotes-list+stock-prices:sample=80
13:37,证券,85.3604,proxy,ftshare:stock-quotes-list+stock-prices:sample=80
13:38,证券,85.0433,proxy,ftshare:stock-quotes-list+stock-prices:sample=80
13:39,证券,83.9969,proxy,ftshare:stock-quotes-list+stock-prices:sample=80
13:40,证券,82.928,proxy,ftshare:stock-quotes-list+stock-prices:sample=80
13:41,证券,81.1079,proxy,ftshare:stock-quotes-list+stock-prices:sample=80
13:42,证券,82.586,proxy,ftshare:stock-quotes-list+stock-prices:sample=80
13:43,证券,83.1329,proxy,ftshare:stock-quotes-list+stock-prices:sample=80
13:44,证券,82.2965,proxy,ftshare:stock-quotes-list+stock-prices:sample=80
13:45,证券,83.363,proxy,ftshare:stock-quotes-list+stock-prices:sample=80
13:46,证券,84.7598,proxy,ftshare:stock-quotes-list+stock-prices:sample=80
13:47,证券,83.6348,proxy,ftshare:stock-quotes-list+stock-prices:sample=80
13:48,证券,82.8695,proxy,ftshare:stock-quotes-list+stock-prices:sample=80
13:49,证券,83.1571,proxy,ftshare:stock-quotes-list+stock-prices:sample=80
13:50,证券,84.0554,proxy,ftshare:stock-quotes-list+stock-prices:sample=80
13:51,证券,84.6972,proxy,ftshare:stock-quotes-list+stock-prices:sample=80
13:52,证券,89.5447,proxy,ftshare:stock-quotes-list+stock-prices:sample=80
13:53,证券,88.2985,proxy,ftshare:stock-quotes-list+stock-prices:sample=80
13:54,证券,91.1504,proxy,ftshare:stock-quotes-list+stock-prices:sample=80
13:55,证券,90.3416,proxy,ftshare:stock-quotes-list+stock-prices:sample=80
13:56,证券,91.7387,proxy,ftshare:stock-quotes-list+stock-prices:sample=80
13:57,证券,90.7825,proxy,ftshare:stock-quotes-list+stock-prices:sample=80
13:58,证券,89.8284,proxy,ftshare:stock-quotes-list+stock-prices:sample=80
13:59,证券,88.867,proxy,ftshare:stock-quotes-list+stock-prices:sample=80
14:00,证券,88.1718,proxy,ftshare:stock-quotes-list+stock-prices:sample=80
14:01,证券,89.0727,proxy,ftshare:stock-quotes-list+stock-prices:sample=80
14:02,证券,89.4718,proxy,ftshare:stock-quotes-list+stock-prices:sample=80
14:03,证券,90.2495,proxy,ftshare:stock-quotes-list+stock-prices:sample=80
14:04,证券,91.2132,proxy,ftshare:stock-quotes-list+stock-prices:sample=80
14:05,证券,92.3058,proxy,ftshare:stock-quotes-list+stock-prices:sample=80
14:06,证券,91.4441,proxy,ftshare:stock-quotes-list+stock-prices:sample=80
14:07,证券,90.768,proxy,ftshare:stock-quotes-list+stock-prices:sample=80
14:08,证券,91.5994,proxy,ftshare:stock-quotes-list+stock-prices:sample=80
14:09,证券,93.8464,proxy,ftshare:stock-quotes-list+stock-prices:sample=80
14:10,证券,99.5794,proxy,ftshare:stock-quotes-list+stock-prices:sample=80
14:11,证券,96.4858,proxy,ftshare:stock-quotes-list+stock-prices:sample=80
14:12,证券,97.1837,proxy,ftshare:stock-quotes-list+stock-prices:sample=80
14:13,证券,95.0186,proxy,ftshare:stock-quotes-list+stock-prices:sample=80
14:14,证券,94.683,proxy,ftshare:stock-quotes-list+stock-prices:sample=80
14:15,证券,96.6461,proxy,ftshare:stock-quotes-list+stock-prices:sample=80
14:16,证券,95.5298,proxy,ftshare:stock-quotes-list+stock-prices:sample=80
14:17,证券,95.7535,proxy,ftshare:stock-quotes-list+stock-prices:sample=80
14:18,证券,95.7126,proxy,ftshare:stock-quotes-list+stock-prices:sample=80
14:19,证券,97.1365,proxy,ftshare:stock-quotes-list+stock-prices:sample=80
14:20,证券,95.9109,proxy,ftshare:stock-quotes-list+stock-prices:sample=80
14:21,证券,96.2006,proxy,ftshare:stock-quotes-list+stock-prices:sample=80
14:22,证券,95.5946,proxy,ftshare:stock-quotes-list+stock-prices:sample=80
14:23,证券,97.3026,proxy,ftshare:stock-quotes-list+stock-prices:sample=80
14:24,证券,96.6484,proxy,ftshare:stock-quotes-list+stock-prices:sample=80
14:25,证券,97.6141,proxy,ftshare:stock-quotes-list+stock-prices:sample=80
14:26,证券,97.3774,proxy,ftshare:stock-quotes-list+stock-prices:sample=80
14:27,证券,96.6237,proxy,ftshare:stock-quotes-list+stock-prices:sample=80
14:28,证券,95.6634,proxy,ftshare:stock-quotes-list+stock-prices:sample=80
14:29,证券,94.5907,proxy,ftshare:stock-quotes-list+stock-prices:sample=80
14:30,证券,95.4754,proxy,ftshare:stock-quotes-list+stock-prices:sample=80
14:31,证券,94.499,proxy,ftshare:stock-quotes-list+stock-prices:sample=80
14:32,证券,95.7423,proxy,ftshare:stock-quotes-list+stock-prices:sample=80
14:33,证券,94.9086,proxy,ftshare:stock-quotes-list+stock-prices:sample=80
14:34,证券,94.0858,proxy,ftshare:stock-quotes-list+stock-prices:sample=80
14:35,证券,93.5199,proxy,ftshare:stock-quotes-list+stock-prices:sample=80
14:36,证券,93.5199,proxy,ftshare:stock-quotes-list+stock-prices:sample=80
14:37,证券,94.1716,proxy,ftshare:stock-quotes-list+stock-prices:sample=80
14:38,证券,93.673,proxy,ftshare:stock-quotes-list+stock-prices:sample=80
14:39,证券,93.2098,proxy,ftshare:stock-quotes-list+stock-prices:sample=80
14:40,证券,93.5561,proxy,ftshare:stock-quotes-list+stock-prices:sample=80
14:41,证券,95.1307,proxy,ftshare:stock-quotes-list+stock-prices:sample=80
14:42,证券,95.9119,proxy,ftshare:stock-quotes-list+stock-prices:sample=80
14:43,证券,95.7328,proxy,ftshare:stock-quotes-list+stock-prices:sample=80
14:44,证券,97.197,proxy,ftshare:stock-quotes-list+stock-prices:sample=80
14:45,证券,98.3247,proxy,ftshare:stock-quotes-list+stock-prices:sample=80
14:46,证券,97.9184,proxy,ftshare:stock-quotes-list+stock-prices:sample=80
14:47,证券,100.1899,proxy,ftshare:stock-quotes-list+stock-prices:sample=80
14:48,证券,99.3875,proxy,ftshare:stock-quotes-list+stock-prices:sample=80
14:49,证券,98.5734,proxy,ftshare:stock-quotes-list+stock-prices:sample=80
14:50,证券,102.209,proxy,ftshare:stock-quotes-list+stock-prices:sample=80
14:51,证券,102.209,proxy,ftshare:stock-quotes-list+stock-prices:sample=80
14:52,证券,105.7068,proxy,ftshare:stock-quotes-list+stock-prices:sample=80
14:53,证券,106.6452,proxy,ftshare:stock-quotes-list+stock-prices:sample=80
14:54,证券,105.3092,proxy,ftshare:stock-quotes-list+stock-prices:sample=80
14:55,证券,106.5836,proxy,ftshare:stock-quotes-list+stock-prices:sample=80
14:56,证券,103.6266,proxy,ftshare:stock-quotes-list+stock-prices:sample=80
14:57,证券,104.3837,proxy,ftshare:stock-quotes-list+stock-prices:sample=80
14:58,证券,104.2575,proxy,ftshare:stock-quotes-list+stock-prices:sample=80
14:59,证券,104.2575,proxy,ftshare:stock-quotes-list+stock-prices:sample=80
15:00,证券,106.7465,proxy,ftshare:stock-quotes-list+stock-prices:sample=80
09:30,稀有金属,7.2227,proxy,ftshare:stock-quotes-list+stock-prices:sample=80
09:31,稀有金属,24.2583,proxy,ftshare:stock-quotes-list+stock-prices:sample=80
09:32,稀有金属,34.2174,proxy,ftshare:stock-quotes-list+stock-prices:sample=80
09:33,稀有金属,40.3032,proxy,ftshare:stock-quotes-list+stock-prices:sample=80
09:34,稀有金属,35.4882,proxy,ftshare:stock-quotes-list+stock-prices:sample=80
09:35,稀有金属,40.2946,proxy,ftshare:stock-quotes-list+stock-prices:sample=80
09:36,稀有金属,40.7221,proxy,ftshare:stock-quotes-list+stock-prices:sample=80
09:37,稀有金属,37.4825,proxy,ftshare:stock-quotes-list+stock-prices:sample=80
09:38,稀有金属,35.0118,proxy,ftshare:stock-quotes-list+stock-prices:sample=80
09:39,稀有金属,37.1638,proxy,ftshare:stock-quotes-list+stock-prices:sample=80
09:40,稀有金属,42.1201,proxy,ftshare:stock-quotes-list+stock-prices:sample=80
09:41,稀有金属,45.9417,proxy,ftshare:stock-quotes-list+stock-prices:sample=80
09:42,稀有金属,46.2265,proxy,ftshare:stock-quotes-list+stock-prices:sample=80
09:43,稀有金属,48.0156,proxy,ftshare:stock-quotes-list+stock-prices:sample=80
09:44,稀有金属,47.492,proxy,ftshare:stock-quotes-list+stock-prices:sample=80
09:45,稀有金属,48.6944,proxy,ftshare:stock-quotes-list+stock-prices:sample=80
09:46,稀有金属,52.3858,proxy,ftshare:stock-quotes-list+stock-prices:sample=80
09:47,稀有金属,47.7557,proxy,ftshare:stock-quotes-list+stock-prices:sample=80
09:48,稀有金属,51.8074,proxy,ftshare:stock-quotes-list+stock-prices:sample=80
09:49,稀有金属,53.2407,proxy,ftshare:stock-quotes-list+stock-prices:sample=80
09:50,稀有金属,53.285,proxy,ftshare:stock-quotes-list+stock-prices:sample=80
09:51,稀有金属,51.9631,proxy,ftshare:stock-quotes-list+stock-prices:sample=80
09:52,稀有金属,55.4357,proxy,ftshare:stock-quotes-list+stock-prices:sample=80
09:53,稀有金属,52.3296,proxy,ftshare:stock-quotes-list+stock-prices:sample=80
09:54,稀有金属,50.9746,proxy,ftshare:stock-quotes-list+stock-prices:sample=80
09:55,稀有金属,52.9061,proxy,ftshare:stock-quotes-list+stock-prices:sample=80
09:56,稀有金属,52.3776,proxy,ftshare:stock-quotes-list+stock-prices:sample=80
09:57,稀有金属,54.2015,proxy,ftshare:stock-quotes-list+stock-prices:sample=80
09:58,稀有金属,53.874,proxy,ftshare:stock-quotes-list+stock-prices:sample=80
09:59,稀有金属,54.2403,proxy,ftshare:stock-quotes-list+stock-prices:sample=80
10:00,稀有金属,53.8262,proxy,ftshare:stock-quotes-list+stock-prices:sample=80
10:01,稀有金属,51.9932,proxy,ftshare:stock-quotes-list+stock-prices:sample=80
10:02,稀有金属,50.9433,proxy,ftshare:stock-quotes-list+stock-prices:sample=80
10:03,稀有金属,51.4792,proxy,ftshare:stock-quotes-list+stock-prices:sample=80
10:04,稀有金属,54.3766,proxy,ftshare:stock-quotes-list+stock-prices:sample=80
10:05,稀有金属,54.9544,proxy,ftshare:stock-quotes-list+stock-prices:sample=80
10:06,稀有金属,56.0448,proxy,ftshare:stock-quotes-list+stock-prices:sample=80
10:07,稀有金属,54.4392,proxy,ftshare:stock-quotes-list+stock-prices:sample=80
10:08,稀有金属,55.2064,proxy,ftshare:stock-quotes-list+stock-prices:sample=80
10:09,稀有金属,54.2608,proxy,ftshare:stock-quotes-list+stock-prices:sample=80
10:10,稀有金属,57.7854,proxy,ftshare:stock-quotes-list+stock-prices:sample=80
10:11,稀有金属,54.277,proxy,ftshare:stock-quotes-list+stock-prices:sample=80
10:12,稀有金属,56.145,proxy,ftshare:stock-quotes-list+stock-prices:sample=80
10:13,稀有金属,58.1017,proxy,ftshare:stock-quotes-list+stock-prices:sample=80
10:14,稀有金属,61.6373,proxy,ftshare:stock-quotes-list+stock-prices:sample=80
10:15,稀有金属,60.2061,proxy,ftshare:stock-quotes-list+stock-prices:sample=80
10:16,稀有金属,60.4507,proxy,ftshare:stock-quotes-list+stock-prices:sample=80
10:17,稀有金属,64.7562,proxy,ftshare:stock-quotes-list+stock-prices:sample=80
10:18,稀有金属,62.3918,proxy,ftshare:stock-quotes-list+stock-prices:sample=80
10:19,稀有金属,58.847,proxy,ftshare:stock-quotes-list+stock-prices:sample=80
10:20,稀有金属,58.9644,proxy,ftshare:stock-quotes-list+stock-prices:sample=80
10:21,稀有金属,58.1075,proxy,ftshare:stock-quotes-list+stock-prices:sample=80
10:22,稀有金属,57.194,proxy,ftshare:stock-quotes-list+stock-prices:sample=80
10:23,稀有金属,58.7002,proxy,ftshare:stock-quotes-list+stock-prices:sample=80
10:24,稀有金属,58.1918,proxy,ftshare:stock-quotes-list+stock-prices:sample=80
10:25,稀有金属,59.3656,proxy,ftshare:stock-quotes-list+stock-prices:sample=80
10:26,稀有金属,59.396,proxy,ftshare:stock-quotes-list+stock-prices:sample=80
10:27,稀有金属,59.5239,proxy,ftshare:stock-quotes-list+stock-prices:sample=80
10:28,稀有金属,59.0174,proxy,ftshare:stock-quotes-list+stock-prices:sample=80
10:29,稀有金属,57.0341,proxy,ftshare:stock-quotes-list+stock-prices:sample=80
10:30,稀有金属,56.7578,proxy,ftshare:stock-quotes-list+stock-prices:sample=80
10:31,稀有金属,56.6133,proxy,ftshare:stock-quotes-list+stock-prices:sample=80
10:32,稀有金属,58.2786,proxy,ftshare:stock-quotes-list+stock-prices:sample=80
10:33,稀有金属,57.4298,proxy,ftshare:stock-quotes-list+stock-prices:sample=80
10:34,稀有金属,55.4583,proxy,ftshare:stock-quotes-list+stock-prices:sample=80
10:35,稀有金属,55.899,proxy,ftshare:stock-quotes-list+stock-prices:sample=80
10:36,稀有金属,55.1663,proxy,ftshare:stock-quotes-list+stock-prices:sample=80
10:37,稀有金属,57.7814,proxy,ftshare:stock-quotes-list+stock-prices:sample=80
10:38,稀有金属,57.3301,proxy,ftshare:stock-quotes-list+stock-prices:sample=80
10:39,稀有金属,58.0537,proxy,ftshare:stock-quotes-list+stock-prices:sample=80
10:40,稀有金属,59.538,proxy,ftshare:stock-quotes-list+stock-prices:sample=80
10:41,稀有金属,59.9517,proxy,ftshare:stock-quotes-list+stock-prices:sample=80
10:42,稀有金属,58.8617,proxy,ftshare:stock-quotes-list+stock-prices:sample=80
10:43,稀有金属,58.7621,proxy,ftshare:stock-quotes-list+stock-prices:sample=80
10:44,稀有金属,58.0044,proxy,ftshare:stock-quotes-list+stock-prices:sample=80
10:45,稀有金属,57.6191,proxy,ftshare:stock-quotes-list+stock-prices:sample=80
10:46,稀有金属,57.3565,proxy,ftshare:stock-quotes-list+stock-prices:sample=80
10:47,稀有金属,57.7331,proxy,ftshare:stock-quotes-list+stock-prices:sample=80
10:48,稀有金属,57.3242,proxy,ftshare:stock-quotes-list+stock-prices:sample=80
10:49,稀有金属,55.5714,proxy,ftshare:stock-quotes-list+stock-prices:sample=80
10:50,稀有金属,55.1166,proxy,ftshare:stock-quotes-list+stock-prices:sample=80
10:51,稀有金属,54.7962,proxy,ftshare:stock-quotes-list+stock-prices:sample=80
10:52,稀有金属,54.4093,proxy,ftshare:stock-quotes-list+stock-prices:sample=80
10:53,稀有金属,54.8559,proxy,ftshare:stock-quotes-list+stock-prices:sample=80
10:54,稀有金属,53.5689,proxy,ftshare:stock-quotes-list+stock-prices:sample=80
10:55,稀有金属,53.3896,proxy,ftshare:stock-quotes-list+stock-prices:sample=80
10:56,稀有金属,53.7789,proxy,ftshare:stock-quotes-list+stock-prices:sample=80
10:57,稀有金属,55.1333,proxy,ftshare:stock-quotes-list+stock-prices:sample=80
10:58,稀有金属,54.9028,proxy,ftshare:stock-quotes-list+stock-prices:sample=80
10:59,稀有金属,54.8916,proxy,ftshare:stock-quotes-list+stock-prices:sample=80
11:00,稀有金属,55.3509,proxy,ftshare:stock-quotes-list+stock-prices:sample=80
11:01,稀有金属,56.1644,proxy,ftshare:stock-quotes-list+stock-prices:sample=80
11:02,稀有金属,55.4196,proxy,ftshare:stock-quotes-list+stock-prices:sample=80
11:03,稀有金属,55.0714,proxy,ftshare:stock-quotes-list+stock-prices:sample=80
11:04,稀有金属,55.2757,proxy,ftshare:stock-quotes-list+stock-prices:sample=80
11:05,稀有金属,55.0582,proxy,ftshare:stock-quotes-list+stock-prices:sample=80
11:06,稀有金属,55.7256,proxy,ftshare:stock-quotes-list+stock-prices:sample=80
11:07,稀有金属,55.7968,proxy,ftshare:stock-quotes-list+stock-prices:sample=80
11:08,稀有金属,55.296,proxy,ftshare:stock-quotes-list+stock-prices:sample=80
11:09,稀有金属,55.0309,proxy,ftshare:stock-quotes-list+stock-prices:sample=80
11:10,稀有金属,54.2492,proxy,ftshare:stock-quotes-list+stock-prices:sample=80
11:11,稀有金属,54.002,proxy,ftshare:stock-quotes-list+stock-prices:sample=80
11:12,稀有金属,54.3202,proxy,ftshare:stock-quotes-list+stock-prices:sample=80
11:13,稀有金属,54.959,proxy,ftshare:stock-quotes-list+stock-prices:sample=80
11:14,稀有金属,55.0384,proxy,ftshare:stock-quotes-list+stock-prices:sample=80
11:15,稀有金属,54.9536,proxy,ftshare:stock-quotes-list+stock-prices:sample=80
11:16,稀有金属,55.5668,proxy,ftshare:stock-quotes-list+stock-prices:sample=80
11:17,稀有金属,55.2226,proxy,ftshare:stock-quotes-list+stock-prices:sample=80
11:18,稀有金属,55.9195,proxy,ftshare:stock-quotes-list+stock-prices:sample=80
11:19,稀有金属,55.69,proxy,ftshare:stock-quotes-list+stock-prices:sample=80
11:20,稀有金属,55.4149,proxy,ftshare:stock-quotes-list+stock-prices:sample=80
11:21,稀有金属,55.0169,proxy,ftshare:stock-quotes-list+stock-prices:sample=80
11:22,稀有金属,55.583,proxy,ftshare:stock-quotes-list+stock-prices:sample=80
11:23,稀有金属,55.1222,proxy,ftshare:stock-quotes-list+stock-prices:sample=80
11:24,稀有金属,55.482,proxy,ftshare:stock-quotes-list+stock-prices:sample=80
11:25,稀有金属,56.0612,proxy,ftshare:stock-quotes-list+stock-prices:sample=80
11:26,稀有金属,56.7318,proxy,ftshare:stock-quotes-list+stock-prices:sample=80
11:27,稀有金属,55.951,proxy,ftshare:stock-quotes-list+stock-prices:sample=80
11:28,稀有金属,56.6446,proxy,ftshare:stock-quotes-list+stock-prices:sample=80
11:29,稀有金属,57.8546,proxy,ftshare:stock-quotes-list+stock-prices:sample=80
11:30,稀有金属,58.3207,proxy,ftshare:stock-quotes-list+stock-prices:sample=80
13:01,稀有金属,62.2414,proxy,ftshare:stock-quotes-list+stock-prices:sample=80
13:02,稀有金属,65.0559,proxy,ftshare:stock-quotes-list+stock-prices:sample=80
13:03,稀有金属,65.2473,proxy,ftshare:stock-quotes-list+stock-prices:sample=80
13:04,稀有金属,63.6858,proxy,ftshare:stock-quotes-list+stock-prices:sample=80
13:05,稀有金属,63.0543,proxy,ftshare:stock-quotes-list+stock-prices:sample=80
13:06,稀有金属,62.9125,proxy,ftshare:stock-quotes-list+stock-prices:sample=80
13:07,稀有金属,63.2019,proxy,ftshare:stock-quotes-list+stock-prices:sample=80
13:08,稀有金属,63.1521,proxy,ftshare:stock-quotes-list+stock-prices:sample=80
13:09,稀有金属,63.1322,proxy,ftshare:stock-quotes-list+stock-prices:sample=80
13:10,稀有金属,62.9783,proxy,ftshare:stock-quotes-list+stock-prices:sample=80
13:11,稀有金属,62.4447,proxy,ftshare:stock-quotes-list+stock-prices:sample=80
13:12,稀有金属,61.6933,proxy,ftshare:stock-quotes-list+stock-prices:sample=80
13:13,稀有金属,61.0636,proxy,ftshare:stock-quotes-list+stock-prices:sample=80
13:14,稀有金属,61.6897,proxy,ftshare:stock-quotes-list+stock-prices:sample=80
13:15,稀有金属,62.108,proxy,ftshare:stock-quotes-list+stock-prices:sample=80
13:16,稀有金属,61.7429,proxy,ftshare:stock-quotes-list+stock-prices:sample=80
13:17,稀有金属,61.247,proxy,ftshare:stock-quotes-list+stock-prices:sample=80
13:18,稀有金属,60.578,proxy,ftshare:stock-quotes-list+stock-prices:sample=80
13:19,稀有金属,61.4265,proxy,ftshare:stock-quotes-list+stock-prices:sample=80
13:20,稀有金属,61.4676,proxy,ftshare:stock-quotes-list+stock-prices:sample=80
13:21,稀有金属,61.0567,proxy,ftshare:stock-quotes-list+stock-prices:sample=80
13:22,稀有金属,60.9741,proxy,ftshare:stock-quotes-list+stock-prices:sample=80
13:23,稀有金属,61.5907,proxy,ftshare:stock-quotes-list+stock-prices:sample=80
13:24,稀有金属,61.3581,proxy,ftshare:stock-quotes-list+stock-prices:sample=80
13:25,稀有金属,60.6657,proxy,ftshare:stock-quotes-list+stock-prices:sample=80
13:26,稀有金属,61.2162,proxy,ftshare:stock-quotes-list+stock-prices:sample=80
13:27,稀有金属,60.4188,proxy,ftshare:stock-quotes-list+stock-prices:sample=80
13:28,稀有金属,59.5332,proxy,ftshare:stock-quotes-list+stock-prices:sample=80
13:29,稀有金属,58.5745,proxy,ftshare:stock-quotes-list+stock-prices:sample=80
13:30,稀有金属,59.7553,proxy,ftshare:stock-quotes-list+stock-prices:sample=80
13:31,稀有金属,59.7024,proxy,ftshare:stock-quotes-list+stock-prices:sample=80
13:32,稀有金属,60.7524,proxy,ftshare:stock-quotes-list+stock-prices:sample=80
13:33,稀有金属,60.3806,proxy,ftshare:stock-quotes-list+stock-prices:sample=80
13:34,稀有金属,60.335,proxy,ftshare:stock-quotes-list+stock-prices:sample=80
13:35,稀有金属,60.9955,proxy,ftshare:stock-quotes-list+stock-prices:sample=80
13:36,稀有金属,61.9279,proxy,ftshare:stock-quotes-list+stock-prices:sample=80
13:37,稀有金属,62.7888,proxy,ftshare:stock-quotes-list+stock-prices:sample=80
13:38,稀有金属,62.58,proxy,ftshare:stock-quotes-list+stock-prices:sample=80
13:39,稀有金属,62.5936,proxy,ftshare:stock-quotes-list+stock-prices:sample=80
13:40,稀有金属,65.0749,proxy,ftshare:stock-quotes-list+stock-prices:sample=80
13:41,稀有金属,64.5555,proxy,ftshare:stock-quotes-list+stock-prices:sample=80
13:42,稀有金属,64.767,proxy,ftshare:stock-quotes-list+stock-prices:sample=80
13:43,稀有金属,65.0725,proxy,ftshare:stock-quotes-list+stock-prices:sample=80
13:44,稀有金属,66.0103,proxy,ftshare:stock-quotes-list+stock-prices:sample=80
13:45,稀有金属,65.8884,proxy,ftshare:stock-quotes-list+stock-prices:sample=80
13:46,稀有金属,67.4031,proxy,ftshare:stock-quotes-list+stock-prices:sample=80
13:47,稀有金属,68.9632,proxy,ftshare:stock-quotes-list+stock-prices:sample=80
13:48,稀有金属,69.3204,proxy,ftshare:stock-quotes-list+stock-prices:sample=80
13:49,稀有金属,72.8939,proxy,ftshare:stock-quotes-list+stock-prices:sample=80
13:50,稀有金属,72.7599,proxy,ftshare:stock-quotes-list+stock-prices:sample=80
13:51,稀有金属,72.9561,proxy,ftshare:stock-quotes-list+stock-prices:sample=80
13:52,稀有金属,72.6993,proxy,ftshare:stock-quotes-list+stock-prices:sample=80
13:53,稀有金属,72.6198,proxy,ftshare:stock-quotes-list+stock-prices:sample=80
13:54,稀有金属,72.3014,proxy,ftshare:stock-quotes-list+stock-prices:sample=80
13:55,稀有金属,72.5852,proxy,ftshare:stock-quotes-list+stock-prices:sample=80
13:56,稀有金属,72.675,proxy,ftshare:stock-quotes-list+stock-prices:sample=80
13:57,稀有金属,75.6788,proxy,ftshare:stock-quotes-list+stock-prices:sample=80
13:58,稀有金属,77.0942,proxy,ftshare:stock-quotes-list+stock-prices:sample=80
13:59,稀有金属,76.6107,proxy,ftshare:stock-quotes-list+stock-prices:sample=80
14:00,稀有金属,77.2791,proxy,ftshare:stock-quotes-list+stock-prices:sample=80
14:01,稀有金属,76.5821,proxy,ftshare:stock-quotes-list+stock-prices:sample=80
14:02,稀有金属,76.9569,proxy,ftshare:stock-quotes-list+stock-prices:sample=80
14:03,稀有金属,77.1519,proxy,ftshare:stock-quotes-list+stock-prices:sample=80
14:04,稀有金属,76.4964,proxy,ftshare:stock-quotes-list+stock-prices:sample=80
14:05,稀有金属,76.8025,proxy,ftshare:stock-quotes-list+stock-prices:sample=80
14:06,稀有金属,76.6788,proxy,ftshare:stock-quotes-list+stock-prices:sample=80
14:07,稀有金属,76.3674,proxy,ftshare:stock-quotes-list+stock-prices:sample=80
14:08,稀有金属,75.9733,proxy,ftshare:stock-quotes-list+stock-prices:sample=80
14:09,稀有金属,76.2337,proxy,ftshare:stock-quotes-list+stock-prices:sample=80
14:10,稀有金属,76.3118,proxy,ftshare:stock-quotes-list+stock-prices:sample=80
14:11,稀有金属,75.9515,proxy,ftshare:stock-quotes-list+stock-prices:sample=80
14:12,稀有金属,75.9552,proxy,ftshare:stock-quotes-list+stock-prices:sample=80
14:13,稀有金属,75.6849,proxy,ftshare:stock-quotes-list+stock-prices:sample=80
14:14,稀有金属,75.3194,proxy,ftshare:stock-quotes-list+stock-prices:sample=80
14:15,稀有金属,74.6004,proxy,ftshare:stock-quotes-list+stock-prices:sample=80
14:16,稀有金属,74.9082,proxy,ftshare:stock-quotes-list+stock-prices:sample=80
14:17,稀有金属,75.2507,proxy,ftshare:stock-quotes-list+stock-prices:sample=80
14:18,稀有金属,75.5601,proxy,ftshare:stock-quotes-list+stock-prices:sample=80
14:19,稀有金属,75.6076,proxy,ftshare:stock-quotes-list+stock-prices:sample=80
14:20,稀有金属,75.4375,proxy,ftshare:stock-quotes-list+stock-prices:sample=80
14:21,稀有金属,75.1592,proxy,ftshare:stock-quotes-list+stock-prices:sample=80
14:22,稀有金属,75.1592,proxy,ftshare:stock-quotes-list+stock-prices:sample=80
14:23,稀有金属,75.1417,proxy,ftshare:stock-quotes-list+stock-prices:sample=80
14:24,稀有金属,75.2238,proxy,ftshare:stock-quotes-list+stock-prices:sample=80
14:25,稀有金属,75.7212,proxy,ftshare:stock-quotes-list+stock-prices:sample=80
14:26,稀有金属,76.127,proxy,ftshare:stock-quotes-list+stock-prices:sample=80
14:27,稀有金属,76.1854,proxy,ftshare:stock-quotes-list+stock-prices:sample=80
14:28,稀有金属,76.5978,proxy,ftshare:stock-quotes-list+stock-prices:sample=80
14:29,稀有金属,76.769,proxy,ftshare:stock-quotes-list+stock-prices:sample=80
14:30,稀有金属,77.1986,proxy,ftshare:stock-quotes-list+stock-prices:sample=80
14:31,稀有金属,77.2824,proxy,ftshare:stock-quotes-list+stock-prices:sample=80
14:32,稀有金属,77.6257,proxy,ftshare:stock-quotes-list+stock-prices:sample=80
14:33,稀有金属,78.6566,proxy,ftshare:stock-quotes-list+stock-prices:sample=80
14:34,稀有金属,79.0902,proxy,ftshare:stock-quotes-list+stock-prices:sample=80
14:35,稀有金属,81.4486,proxy,ftshare:stock-quotes-list+stock-prices:sample=80
14:36,稀有金属,81.7186,proxy,ftshare:stock-quotes-list+stock-prices:sample=80
14:37,稀有金属,82.7187,proxy,ftshare:stock-quotes-list+stock-prices:sample=80
14:38,稀有金属,82.2856,proxy,ftshare:stock-quotes-list+stock-prices:sample=80
14:39,稀有金属,82.6834,proxy,ftshare:stock-quotes-list+stock-prices:sample=80
14:40,稀有金属,82.4878,proxy,ftshare:stock-quotes-list+stock-prices:sample=80
14:41,稀有金属,81.9444,proxy,ftshare:stock-quotes-list+stock-prices:sample=80
14:42,稀有金属,81.6794,proxy,ftshare:stock-quotes-list+stock-prices:sample=80
14:43,稀有金属,81.133,proxy,ftshare:stock-quotes-list+stock-prices:sample=80
14:44,稀有金属,80.4689,proxy,ftshare:stock-quotes-list+stock-prices:sample=80
14:45,稀有金属,81.0883,proxy,ftshare:stock-quotes-list+stock-prices:sample=80
14:46,稀有金属,80.8742,proxy,ftshare:stock-quotes-list+stock-prices:sample=80
14:47,稀有金属,80.2544,proxy,ftshare:stock-quotes-list+stock-prices:sample=80
14:48,稀有金属,80.3785,proxy,ftshare:stock-quotes-list+stock-prices:sample=80
14:49,稀有金属,80.9591,proxy,ftshare:stock-quotes-list+stock-prices:sample=80
14:50,稀有金属,80.807,proxy,ftshare:stock-quotes-list+stock-prices:sample=80
14:51,稀有金属,82.3754,proxy,ftshare:stock-quotes-list+stock-prices:sample=80
14:52,稀有金属,82.6561,proxy,ftshare:stock-quotes-list+stock-prices:sample=80
14:53,稀有金属,83.9234,proxy,ftshare:stock-quotes-list+stock-prices:sample=80
14:54,稀有金属,85.6354,proxy,ftshare:stock-quotes-list+stock-prices:sample=80
14:55,稀有金属,86.4895,proxy,ftshare:stock-quotes-list+stock-prices:sample=80
14:56,稀有金属,86.4895,proxy,ftshare:stock-quotes-list+stock-prices:sample=80
14:57,稀有金属,88.0634,proxy,ftshare:stock-quotes-list+stock-prices:sample=80
14:58,稀有金属,88.0662,proxy,ftshare:stock-quotes-list+stock-prices:sample=80
14:59,稀有金属,88.0662,proxy,ftshare:stock-quotes-list+stock-prices:sample=80
15:00,稀有金属,89.3221,proxy,ftshare:stock-quotes-list+stock-prices:sample=80
09:30,电子设备与仪器,5.464,proxy,ftshare:stock-quotes-list+stock-prices:sample=80
09:31,电子设备与仪器,-6.2762,proxy,ftshare:stock-quotes-list+stock-prices:sample=80
09:32,电子设备与仪器,-2.8527,proxy,ftshare:stock-quotes-list+stock-prices:sample=80
09:33,电子设备与仪器,-0.5795,proxy,ftshare:stock-quotes-list+stock-prices:sample=80
09:34,电子设备与仪器,-3.2931,proxy,ftshare:stock-quotes-list+stock-prices:sample=80
09:35,电子设备与仪器,-5.9679,proxy,ftshare:stock-quotes-list+stock-prices:sample=80
09:36,电子设备与仪器,0.4991,proxy,ftshare:stock-quotes-list+stock-prices:sample=80
09:37,电子设备与仪器,3.8292,proxy,ftshare:stock-quotes-list+stock-prices:sample=80
09:38,电子设备与仪器,12.1649,proxy,ftshare:stock-quotes-list+stock-prices:sample=80
09:39,电子设备与仪器,11.2718,proxy,ftshare:stock-quotes-list+stock-prices:sample=80
09:40,电子设备与仪器,18.223,proxy,ftshare:stock-quotes-list+stock-prices:sample=80
09:41,电子设备与仪器,13.4891,proxy,ftshare:stock-quotes-list+stock-prices:sample=80
09:42,电子设备与仪器,12.1445,proxy,ftshare:stock-quotes-list+stock-prices:sample=80
09:43,电子设备与仪器,15.6053,proxy,ftshare:stock-quotes-list+stock-prices:sample=80
09:44,电子设备与仪器,13.9947,proxy,ftshare:stock-quotes-list+stock-prices:sample=80
09:45,电子设备与仪器,15.8871,proxy,ftshare:stock-quotes-list+stock-prices:sample=80
09:46,电子设备与仪器,15.1892,proxy,ftshare:stock-quotes-list+stock-prices:sample=80
09:47,电子设备与仪器,10.5585,proxy,ftshare:stock-quotes-list+stock-prices:sample=80
09:48,电子设备与仪器,13.563,proxy,ftshare:stock-quotes-list+stock-prices:sample=80
09:49,电子设备与仪器,11.0067,proxy,ftshare:stock-quotes-list+stock-prices:sample=80
09:50,电子设备与仪器,10.374,proxy,ftshare:stock-quotes-list+stock-prices:sample=80
09:51,电子设备与仪器,7.3851,proxy,ftshare:stock-quotes-list+stock-prices:sample=80
09:52,电子设备与仪器,8.7355,proxy,ftshare:stock-quotes-list+stock-prices:sample=80
09:53,电子设备与仪器,8.5519,proxy,ftshare:stock-quotes-list+stock-prices:sample=80
09:54,电子设备与仪器,10.3578,proxy,ftshare:stock-quotes-list+stock-prices:sample=80
09:55,电子设备与仪器,12.5913,proxy,ftshare:stock-quotes-list+stock-prices:sample=80
09:56,电子设备与仪器,13.5613,proxy,ftshare:stock-quotes-list+stock-prices:sample=80
09:57,电子设备与仪器,14.7984,proxy,ftshare:stock-quotes-list+stock-prices:sample=80
09:58,电子设备与仪器,16.7835,proxy,ftshare:stock-quotes-list+stock-prices:sample=80
09:59,电子设备与仪器,15.43,proxy,ftshare:stock-quotes-list+stock-prices:sample=80
10:00,电子设备与仪器,11.2013,proxy,ftshare:stock-quotes-list+stock-prices:sample=80
10:01,电子设备与仪器,9.037,proxy,ftshare:stock-quotes-list+stock-prices:sample=80
10:02,电子设备与仪器,10.7211,proxy,ftshare:stock-quotes-list+stock-prices:sample=80
10:03,电子设备与仪器,8.1803,proxy,ftshare:stock-quotes-list+stock-prices:sample=80
10:04,电子设备与仪器,3.3818,proxy,ftshare:stock-quotes-list+stock-prices:sample=80
10:05,电子设备与仪器,0.9289,proxy,ftshare:stock-quotes-list+stock-prices:sample=80
10:06,电子设备与仪器,0.5249,proxy,ftshare:stock-quotes-list+stock-prices:sample=80
10:07,电子设备与仪器,-2.058,proxy,ftshare:stock-quotes-list+stock-prices:sample=80
10:08,电子设备与仪器,-5.0603,proxy,ftshare:stock-quotes-list+stock-prices:sample=80
10:09,电子设备与仪器,-10.7364,proxy,ftshare:stock-quotes-list+stock-prices:sample=80
10:10,电子设备与仪器,-13.7363,proxy,ftshare:stock-quotes-list+stock-prices:sample=80
10:11,电子设备与仪器,-10.0801,proxy,ftshare:stock-quotes-list+stock-prices:sample=80
10:12,电子设备与仪器,-9.9007,proxy,ftshare:stock-quotes-list+stock-prices:sample=80
10:13,电子设备与仪器,-11.2505,proxy,ftshare:stock-quotes-list+stock-prices:sample=80
10:14,电子设备与仪器,-12.2539,proxy,ftshare:stock-quotes-list+stock-prices:sample=80
10:15,电子设备与仪器,-12.0889,proxy,ftshare:stock-quotes-list+stock-prices:sample=80
10:16,电子设备与仪器,-15.6926,proxy,ftshare:stock-quotes-list+stock-prices:sample=80
10:17,电子设备与仪器,-18.3937,proxy,ftshare:stock-quotes-list+stock-prices:sample=80
10:18,电子设备与仪器,-18.2004,proxy,ftshare:stock-quotes-list+stock-prices:sample=80
10:19,电子设备与仪器,-15.6819,proxy,ftshare:stock-quotes-list+stock-prices:sample=80
10:20,电子设备与仪器,-15.7062,proxy,ftshare:stock-quotes-list+stock-prices:sample=80
10:21,电子设备与仪器,-16.122,proxy,ftshare:stock-quotes-list+stock-prices:sample=80
10:22,电子设备与仪器,-16.7648,proxy,ftshare:stock-quotes-list+stock-prices:sample=80
10:23,电子设备与仪器,-17.5374,proxy,ftshare:stock-quotes-list+stock-prices:sample=80
10:24,电子设备与仪器,-17.8043,proxy,ftshare:stock-quotes-list+stock-prices:sample=80
10:25,电子设备与仪器,-20.5133,proxy,ftshare:stock-quotes-list+stock-prices:sample=80
10:26,电子设备与仪器,-23.3134,proxy,ftshare:stock-quotes-list+stock-prices:sample=80
10:27,电子设备与仪器,-25.6783,proxy,ftshare:stock-quotes-list+stock-prices:sample=80
10:28,电子设备与仪器,-29.8558,proxy,ftshare:stock-quotes-list+stock-prices:sample=80
10:29,电子设备与仪器,-32.7541,proxy,ftshare:stock-quotes-list+stock-prices:sample=80
10:30,电子设备与仪器,-34.9244,proxy,ftshare:stock-quotes-list+stock-prices:sample=80
10:31,电子设备与仪器,-31.75,proxy,ftshare:stock-quotes-list+stock-prices:sample=80
10:32,电子设备与仪器,-28.9778,proxy,ftshare:stock-quotes-list+stock-prices:sample=80
10:33,电子设备与仪器,-29.7778,proxy,ftshare:stock-quotes-list+stock-prices:sample=80
10:34,电子设备与仪器,-32.5111,proxy,ftshare:stock-quotes-list+stock-prices:sample=80
10:35,电子设备与仪器,-33.1928,proxy,ftshare:stock-quotes-list+stock-prices:sample=80
10:36,电子设备与仪器,-29.9025,proxy,ftshare:stock-quotes-list+stock-prices:sample=80
10:37,电子设备与仪器,-27.088,proxy,ftshare:stock-quotes-list+stock-prices:sample=80
10:38,电子设备与仪器,-27.2021,proxy,ftshare:stock-quotes-list+stock-prices:sample=80
10:39,电子设备与仪器,-26.1564,proxy,ftshare:stock-quotes-list+stock-prices:sample=80
10:40,电子设备与仪器,-25.9557,proxy,ftshare:stock-quotes-list+stock-prices:sample=80
10:41,电子设备与仪器,-27.7622,proxy,ftshare:stock-quotes-list+stock-prices:sample=80
10:42,电子设备与仪器,-29.5274,proxy,ftshare:stock-quotes-list+stock-prices:sample=80
10:43,电子设备与仪器,-29.7247,proxy,ftshare:stock-quotes-list+stock-prices:sample=80
10:44,电子设备与仪器,-30.7596,proxy,ftshare:stock-quotes-list+stock-prices:sample=80
10:45,电子设备与仪器,-31.4551,proxy,ftshare:stock-quotes-list+stock-prices:sample=80
10:46,电子设备与仪器,-34.3201,proxy,ftshare:stock-quotes-list+stock-prices:sample=80
10:47,电子设备与仪器,-37.8201,proxy,ftshare:stock-quotes-list+stock-prices:sample=80
10:48,电子设备与仪器,-39.5062,proxy,ftshare:stock-quotes-list+stock-prices:sample=80
10:49,电子设备与仪器,-41.4306,proxy,ftshare:stock-quotes-list+stock-prices:sample=80
10:50,电子设备与仪器,-44.9618,proxy,ftshare:stock-quotes-list+stock-prices:sample=80
10:51,电子设备与仪器,-47.842,proxy,ftshare:stock-quotes-list+stock-prices:sample=80
10:52,电子设备与仪器,-50.9152,proxy,ftshare:stock-quotes-list+stock-prices:sample=80
10:53,电子设备与仪器,-48.6455,proxy,ftshare:stock-quotes-list+stock-prices:sample=80
10:54,电子设备与仪器,-49.5919,proxy,ftshare:stock-quotes-list+stock-prices:sample=80
10:55,电子设备与仪器,-52.1676,proxy,ftshare:stock-quotes-list+stock-prices:sample=80
10:56,电子设备与仪器,-52.6797,proxy,ftshare:stock-quotes-list+stock-prices:sample=80
10:57,电子设备与仪器,-52.0883,proxy,ftshare:stock-quotes-list+stock-prices:sample=80
10:58,电子设备与仪器,-51.9269,proxy,ftshare:stock-quotes-list+stock-prices:sample=80
10:59,电子设备与仪器,-50.6712,proxy,ftshare:stock-quotes-list+stock-prices:sample=80
11:00,电子设备与仪器,-50.3395,proxy,ftshare:stock-quotes-list+stock-prices:sample=80
11:01,电子设备与仪器,-49.0735,proxy,ftshare:stock-quotes-list+stock-prices:sample=80
11:02,电子设备与仪器,-47.8534,proxy,ftshare:stock-quotes-list+stock-prices:sample=80
11:03,电子设备与仪器,-47.3769,proxy,ftshare:stock-quotes-list+stock-prices:sample=80
11:04,电子设备与仪器,-48.7674,proxy,ftshare:stock-quotes-list+stock-prices:sample=80
11:05,电子设备与仪器,-48.8204,proxy,ftshare:stock-quotes-list+stock-prices:sample=80
11:06,电子设备与仪器,-47.6162,proxy,ftshare:stock-quotes-list+stock-prices:sample=80
11:07,电子设备与仪器,-49.6797,proxy,ftshare:stock-quotes-list+stock-prices:sample=80
11:08,电子设备与仪器,-51.1846,proxy,ftshare:stock-quotes-list+stock-prices:sample=80
11:09,电子设备与仪器,-53.4494,proxy,ftshare:stock-quotes-list+stock-prices:sample=80
11:10,电子设备与仪器,-55.6588,proxy,ftshare:stock-quotes-list+stock-prices:sample=80
11:11,电子设备与仪器,-54.5453,proxy,ftshare:stock-quotes-list+stock-prices:sample=80
11:12,电子设备与仪器,-54.9914,proxy,ftshare:stock-quotes-list+stock-prices:sample=80
11:13,电子设备与仪器,-54.5987,proxy,ftshare:stock-quotes-list+stock-prices:sample=80
11:14,电子设备与仪器,-55.7408,proxy,ftshare:stock-quotes-list+stock-prices:sample=80
11:15,电子设备与仪器,-55.6101,proxy,ftshare:stock-quotes-list+stock-prices:sample=80
11:16,电子设备与仪器,-54.2866,proxy,ftshare:stock-quotes-list+stock-prices:sample=80
11:17,电子设备与仪器,-54.504,proxy,ftshare:stock-quotes-list+stock-prices:sample=80
11:18,电子设备与仪器,-54.7289,proxy,ftshare:stock-quotes-list+stock-prices:sample=80
11:19,电子设备与仪器,-54.4076,proxy,ftshare:stock-quotes-list+stock-prices:sample=80
11:20,电子设备与仪器,-55.0476,proxy,ftshare:stock-quotes-list+stock-prices:sample=80
11:21,电子设备与仪器,-56.2225,proxy,ftshare:stock-quotes-list+stock-prices:sample=80
11:22,电子设备与仪器,-56.2638,proxy,ftshare:stock-quotes-list+stock-prices:sample=80
11:23,电子设备与仪器,-56.2319,proxy,ftshare:stock-quotes-list+stock-prices:sample=80
11:24,电子设备与仪器,-56.5079,proxy,ftshare:stock-quotes-list+stock-prices:sample=80
11:25,电子设备与仪器,-55.7578,proxy,ftshare:stock-quotes-list+stock-prices:sample=80
11:26,电子设备与仪器,-54.7864,proxy,ftshare:stock-quotes-list+stock-prices:sample=80
11:27,电子设备与仪器,-55.4049,proxy,ftshare:stock-quotes-list+stock-prices:sample=80
11:28,电子设备与仪器,-55.0212,proxy,ftshare:stock-quotes-list+stock-prices:sample=80
11:29,电子设备与仪器,-53.7517,proxy,ftshare:stock-quotes-list+stock-prices:sample=80
11:30,电子设备与仪器,-53.3427,proxy,ftshare:stock-quotes-list+stock-prices:sample=80
13:01,电子设备与仪器,-51.0831,proxy,ftshare:stock-quotes-list+stock-prices:sample=80
13:02,电子设备与仪器,-49.2616,proxy,ftshare:stock-quotes-list+stock-prices:sample=80
13:03,电子设备与仪器,-50.6136,proxy,ftshare:stock-quotes-list+stock-prices:sample=80
13:04,电子设备与仪器,-51.7857,proxy,ftshare:stock-quotes-list+stock-prices:sample=80
13:05,电子设备与仪器,-52.0128,proxy,ftshare:stock-quotes-list+stock-prices:sample=80
13:06,电子设备与仪器,-51.7346,proxy,ftshare:stock-quotes-list+stock-prices:sample=80
13:07,电子设备与仪器,-52.2223,proxy,ftshare:stock-quotes-list+stock-prices:sample=80
13:08,电子设备与仪器,-51.9666,proxy,ftshare:stock-quotes-list+stock-prices:sample=80
13:09,电子设备与仪器,-53.0707,proxy,ftshare:stock-quotes-list+stock-prices:sample=80
13:10,电子设备与仪器,-53.6606,proxy,ftshare:stock-quotes-list+stock-prices:sample=80
13:11,电子设备与仪器,-54.1176,proxy,ftshare:stock-quotes-list+stock-prices:sample=80
13:12,电子设备与仪器,-55.1758,proxy,ftshare:stock-quotes-list+stock-prices:sample=80
13:13,电子设备与仪器,-54.8411,proxy,ftshare:stock-quotes-list+stock-prices:sample=80
13:14,电子设备与仪器,-53.7569,proxy,ftshare:stock-quotes-list+stock-prices:sample=80
13:15,电子设备与仪器,-53.0894,proxy,ftshare:stock-quotes-list+stock-prices:sample=80
13:16,电子设备与仪器,-53.309,proxy,ftshare:stock-quotes-list+stock-prices:sample=80
13:17,电子设备与仪器,-54.395,proxy,ftshare:stock-quotes-list+stock-prices:sample=80
13:18,电子设备与仪器,-54.9993,proxy,ftshare:stock-quotes-list+stock-prices:sample=80
13:19,电子设备与仪器,-55.0957,proxy,ftshare:stock-quotes-list+stock-prices:sample=80
13:20,电子设备与仪器,-55.22,proxy,ftshare:stock-quotes-list+stock-prices:sample=80
13:21,电子设备与仪器,-56.1247,proxy,ftshare:stock-quotes-list+stock-prices:sample=80
13:22,电子设备与仪器,-55.9397,proxy,ftshare:stock-quotes-list+stock-prices:sample=80
13:23,电子设备与仪器,-56.568,proxy,ftshare:stock-quotes-list+stock-prices:sample=80
13:24,电子设备与仪器,-56.799,proxy,ftshare:stock-quotes-list+stock-prices:sample=80
13:25,电子设备与仪器,-57.5502,proxy,ftshare:stock-quotes-list+stock-prices:sample=80
13:26,电子设备与仪器,-58.2786,proxy,ftshare:stock-quotes-list+stock-prices:sample=80
13:27,电子设备与仪器,-58.3161,proxy,ftshare:stock-quotes-list+stock-prices:sample=80
13:28,电子设备与仪器,-60.0047,proxy,ftshare:stock-quotes-list+stock-prices:sample=80
13:29,电子设备与仪器,-61.8165,proxy,ftshare:stock-quotes-list+stock-prices:sample=80
13:30,电子设备与仪器,-61.5896,proxy,ftshare:stock-quotes-list+stock-prices:sample=80
13:31,电子设备与仪器,-62.7643,proxy,ftshare:stock-quotes-list+stock-prices:sample=80
13:32,电子设备与仪器,-62.7052,proxy,ftshare:stock-quotes-list+stock-prices:sample=80
13:33,电子设备与仪器,-62.6762,proxy,ftshare:stock-quotes-list+stock-prices:sample=80
13:34,电子设备与仪器,-65.0381,proxy,ftshare:stock-quotes-list+stock-prices:sample=80
13:35,电子设备与仪器,-63.6264,proxy,ftshare:stock-quotes-list+stock-prices:sample=80
13:36,电子设备与仪器,-62.3361,proxy,ftshare:stock-quotes-list+stock-prices:sample=80
13:37,电子设备与仪器,-63.0559,proxy,ftshare:stock-quotes-list+stock-prices:sample=80
13:38,电子设备与仪器,-62.4823,proxy,ftshare:stock-quotes-list+stock-prices:sample=80
13:39,电子设备与仪器,-62.2635,proxy,ftshare:stock-quotes-list+stock-prices:sample=80
13:40,电子设备与仪器,-61.9203,proxy,ftshare:stock-quotes-list+stock-prices:sample=80
13:41,电子设备与仪器,-62.4376,proxy,ftshare:stock-quotes-list+stock-prices:sample=80
13:42,电子设备与仪器,-62.4529,proxy,ftshare:stock-quotes-list+stock-prices:sample=80
13:43,电子设备与仪器,-62.6125,proxy,ftshare:stock-quotes-list+stock-prices:sample=80
13:44,电子设备与仪器,-62.475,proxy,ftshare:stock-quotes-list+stock-prices:sample=80
13:45,电子设备与仪器,-63.407,proxy,ftshare:stock-quotes-list+stock-prices:sample=80
13:46,电子设备与仪器,-62.929,proxy,ftshare:stock-quotes-list+stock-prices:sample=80
13:47,电子设备与仪器,-62.3674,proxy,ftshare:stock-quotes-list+stock-prices:sample=80
13:48,电子设备与仪器,-62.0381,proxy,ftshare:stock-quotes-list+stock-prices:sample=80
13:49,电子设备与仪器,-61.8475,proxy,ftshare:stock-quotes-list+stock-prices:sample=80
13:50,电子设备与仪器,-61.7048,proxy,ftshare:stock-quotes-list+stock-prices:sample=80
13:51,电子设备与仪器,-60.8082,proxy,ftshare:stock-quotes-list+stock-prices:sample=80
13:52,电子设备与仪器,-59.7279,proxy,ftshare:stock-quotes-list+stock-prices:sample=80
13:53,电子设备与仪器,-60.5509,proxy,ftshare:stock-quotes-list+stock-prices:sample=80
13:54,电子设备与仪器,-59.9931,proxy,ftshare:stock-quotes-list+stock-prices:sample=80
13:55,电子设备与仪器,-59.7138,proxy,ftshare:stock-quotes-list+stock-prices:sample=80
13:56,电子设备与仪器,-60.1043,proxy,ftshare:stock-quotes-list+stock-prices:sample=80
13:57,电子设备与仪器,-60.5623,proxy,ftshare:stock-quotes-list+stock-prices:sample=80
13:58,电子设备与仪器,-60.6993,proxy,ftshare:stock-quotes-list+stock-prices:sample=80
13:59,电子设备与仪器,-60.5159,proxy,ftshare:stock-quotes-list+stock-prices:sample=80
14:00,电子设备与仪器,-60.2595,proxy,ftshare:stock-quotes-list+stock-prices:sample=80
14:01,电子设备与仪器,-59.3643,proxy,ftshare:stock-quotes-list+stock-prices:sample=80
14:02,电子设备与仪器,-59.2819,proxy,ftshare:stock-quotes-list+stock-prices:sample=80
14:03,电子设备与仪器,-58.6575,proxy,ftshare:stock-quotes-list+stock-prices:sample=80
14:04,电子设备与仪器,-58.371,proxy,ftshare:stock-quotes-list+stock-prices:sample=80
14:05,电子设备与仪器,-58.3726,proxy,ftshare:stock-quotes-list+stock-prices:sample=80
14:06,电子设备与仪器,-59.5579,proxy,ftshare:stock-quotes-list+stock-prices:sample=80
14:07,电子设备与仪器,-59.2944,proxy,ftshare:stock-quotes-list+stock-prices:sample=80
14:08,电子设备与仪器,-58.3131,proxy,ftshare:stock-quotes-list+stock-prices:sample=80
14:09,电子设备与仪器,-58.745,proxy,ftshare:stock-quotes-list+stock-prices:sample=80
14:10,电子设备与仪器,-58.7148,proxy,ftshare:stock-quotes-list+stock-prices:sample=80
14:11,电子设备与仪器,-59.9859,proxy,ftshare:stock-quotes-list+stock-prices:sample=80
14:12,电子设备与仪器,-59.0426,proxy,ftshare:stock-quotes-list+stock-prices:sample=80
14:13,电子设备与仪器,-60.327,proxy,ftshare:stock-quotes-list+stock-prices:sample=80
14:14,电子设备与仪器,-59.8612,proxy,ftshare:stock-quotes-list+stock-prices:sample=80
14:15,电子设备与仪器,-59.2548,proxy,ftshare:stock-quotes-list+stock-prices:sample=80
14:16,电子设备与仪器,-59.5922,proxy,ftshare:stock-quotes-list+stock-prices:sample=80
14:17,电子设备与仪器,-58.6347,proxy,ftshare:stock-quotes-list+stock-prices:sample=80
14:18,电子设备与仪器,-58.5576,proxy,ftshare:stock-quotes-list+stock-prices:sample=80
14:19,电子设备与仪器,-58.1823,proxy,ftshare:stock-quotes-list+stock-prices:sample=80
14:20,电子设备与仪器,-58.8841,proxy,ftshare:stock-quotes-list+stock-prices:sample=80
14:21,电子设备与仪器,-58.4041,proxy,ftshare:stock-quotes-list+stock-prices:sample=80
14:22,电子设备与仪器,-59.1267,proxy,ftshare:stock-quotes-list+stock-prices:sample=80
14:23,电子设备与仪器,-58.3921,proxy,ftshare:stock-quotes-list+stock-prices:sample=80
14:24,电子设备与仪器,-58.1334,proxy,ftshare:stock-quotes-list+stock-prices:sample=80
14:25,电子设备与仪器,-58.1479,proxy,ftshare:stock-quotes-list+stock-prices:sample=80
14:26,电子设备与仪器,-58.2971,proxy,ftshare:stock-quotes-list+stock-prices:sample=80
14:27,电子设备与仪器,-58.0204,proxy,ftshare:stock-quotes-list+stock-prices:sample=80
14:28,电子设备与仪器,-58.8735,proxy,ftshare:stock-quotes-list+stock-prices:sample=80
14:29,电子设备与仪器,-58.4877,proxy,ftshare:stock-quotes-list+stock-prices:sample=80
14:30,电子设备与仪器,-58.2758,proxy,ftshare:stock-quotes-list+stock-prices:sample=80
14:31,电子设备与仪器,-57.0939,proxy,ftshare:stock-quotes-list+stock-prices:sample=80
14:32,电子设备与仪器,-57.141,proxy,ftshare:stock-quotes-list+stock-prices:sample=80
14:33,电子设备与仪器,-58.0226,proxy,ftshare:stock-quotes-list+stock-prices:sample=80
14:34,电子设备与仪器,-58.0504,proxy,ftshare:stock-quotes-list+stock-prices:sample=80
14:35,电子设备与仪器,-57.8728,proxy,ftshare:stock-quotes-list+stock-prices:sample=80
14:36,电子设备与仪器,-58.7633,proxy,ftshare:stock-quotes-list+stock-prices:sample=80
14:37,电子设备与仪器,-59.6243,proxy,ftshare:stock-quotes-list+stock-prices:sample=80
14:38,电子设备与仪器,-59.848,proxy,ftshare:stock-quotes-list+stock-prices:sample=80
14:39,电子设备与仪器,-60.3502,proxy,ftshare:stock-quotes-list+stock-prices:sample=80
14:40,电子设备与仪器,-60.0121,proxy,ftshare:stock-quotes-list+stock-prices:sample=80
14:41,电子设备与仪器,-61.3273,proxy,ftshare:stock-quotes-list+stock-prices:sample=80
14:42,电子设备与仪器,-60.9157,proxy,ftshare:stock-quotes-list+stock-prices:sample=80
14:43,电子设备与仪器,-60.3227,proxy,ftshare:stock-quotes-list+stock-prices:sample=80
14:44,电子设备与仪器,-59.083,proxy,ftshare:stock-quotes-list+stock-prices:sample=80
14:45,电子设备与仪器,-58.8042,proxy,ftshare:stock-quotes-list+stock-prices:sample=80
14:46,电子设备与仪器,-60.0344,proxy,ftshare:stock-quotes-list+stock-prices:sample=80
14:47,电子设备与仪器,-59.8512,proxy,ftshare:stock-quotes-list+stock-prices:sample=80
14:48,电子设备与仪器,-60.5236,proxy,ftshare:stock-quotes-list+stock-prices:sample=80
14:49,电子设备与仪器,-60.8164,proxy,ftshare:stock-quotes-list+stock-prices:sample=80
14:50,电子设备与仪器,-60.77,proxy,ftshare:stock-quotes-list+stock-prices:sample=80
14:51,电子设备与仪器,-63.0131,proxy,ftshare:stock-quotes-list+stock-prices:sample=80
14:52,电子设备与仪器,-62.0692,proxy,ftshare:stock-quotes-list+stock-prices:sample=80
14:53,电子设备与仪器,-59.7586,proxy,ftshare:stock-quotes-list+stock-prices:sample=80
14:54,电子设备与仪器,-60.1461,proxy,ftshare:stock-quotes-list+stock-prices:sample=80
14:55,电子设备与仪器,-59.2266,proxy,ftshare:stock-quotes-list+stock-prices:sample=80
14:56,电子设备与仪器,-61.6322,proxy,ftshare:stock-quotes-list+stock-prices:sample=80
14:57,电子设备与仪器,-62.5852,proxy,ftshare:stock-quotes-list+stock-prices:sample=80
14:58,电子设备与仪器,-62.5842,proxy,ftshare:stock-quotes-list+stock-prices:sample=80
14:59,电子设备与仪器,-62.5842,proxy,ftshare:stock-quotes-list+stock-prices:sample=80
15:00,电子设备与仪器,-62.4503,proxy,ftshare:stock-quotes-list+stock-prices:sample=80
09:30,基本金属,-0.2153,proxy,ftshare:stock-quotes-list+stock-prices:sample=80
09:31,基本金属,-5.0184,proxy,ftshare:stock-quotes-list+stock-prices:sample=80
09:32,基本金属,-9.0561,proxy,ftshare:stock-quotes-list+stock-prices:sample=80
09:33,基本金属,-9.0178,proxy,ftshare:stock-quotes-list+stock-prices:sample=80
09:34,基本金属,-8.8586,proxy,ftshare:stock-quotes-list+stock-prices:sample=80
09:35,基本金属,-6.1462,proxy,ftshare:stock-quotes-list+stock-prices:sample=80
09:36,基本金属,-8.2197,proxy,ftshare:stock-quotes-list+stock-prices:sample=80
09:37,基本金属,-8.8434,proxy,ftshare:stock-quotes-list+stock-prices:sample=80
09:38,基本金属,-8.4155,proxy,ftshare:stock-quotes-list+stock-prices:sample=80
09:39,基本金属,-10.1004,proxy,ftshare:stock-quotes-list+stock-prices:sample=80
09:40,基本金属,-8.6125,proxy,ftshare:stock-quotes-list+stock-prices:sample=80
09:41,基本金属,-11.429,proxy,ftshare:stock-quotes-list+stock-prices:sample=80
09:42,基本金属,-8.7612,proxy,ftshare:stock-quotes-list+stock-prices:sample=80
09:43,基本金属,-6.5576,proxy,ftshare:stock-quotes-list+stock-prices:sample=80
09:44,基本金属,-4.2163,proxy,ftshare:stock-quotes-list+stock-prices:sample=80
09:45,基本金属,-1.0306,proxy,ftshare:stock-quotes-list+stock-prices:sample=80
09:46,基本金属,0.7221,proxy,ftshare:stock-quotes-list+stock-prices:sample=80
09:47,基本金属,0.1228,proxy,ftshare:stock-quotes-list+stock-prices:sample=80
09:48,基本金属,-2.0851,proxy,ftshare:stock-quotes-list+stock-prices:sample=80
09:49,基本金属,0.5376,proxy,ftshare:stock-quotes-list+stock-prices:sample=80
09:50,基本金属,2.4128,proxy,ftshare:stock-quotes-list+stock-prices:sample=80
09:51,基本金属,0.1391,proxy,ftshare:stock-quotes-list+stock-prices:sample=80
09:52,基本金属,1.5694,proxy,ftshare:stock-quotes-list+stock-prices:sample=80
09:53,基本金属,0.1452,proxy,ftshare:stock-quotes-list+stock-prices:sample=80
09:54,基本金属,-1.5252,proxy,ftshare:stock-quotes-list+stock-prices:sample=80
09:55,基本金属,-0.2423,proxy,ftshare:stock-quotes-list+stock-prices:sample=80
09:56,基本金属,2.0574,proxy,ftshare:stock-quotes-list+stock-prices:sample=80
09:57,基本金属,4.1476,proxy,ftshare:stock-quotes-list+stock-prices:sample=80
09:58,基本金属,2.1331,proxy,ftshare:stock-quotes-list+stock-prices:sample=80
09:59,基本金属,2.6794,proxy,ftshare:stock-quotes-list+stock-prices:sample=80
10:00,基本金属,2.8517,proxy,ftshare:stock-quotes-list+stock-prices:sample=80
10:01,基本金属,1.641,proxy,ftshare:stock-quotes-list+stock-prices:sample=80
10:02,基本金属,2.0587,proxy,ftshare:stock-quotes-list+stock-prices:sample=80
10:03,基本金属,2.8286,proxy,ftshare:stock-quotes-list+stock-prices:sample=80
10:04,基本金属,3.8205,proxy,ftshare:stock-quotes-list+stock-prices:sample=80
10:05,基本金属,4.9619,proxy,ftshare:stock-quotes-list+stock-prices:sample=80
10:06,基本金属,3.9878,proxy,ftshare:stock-quotes-list+stock-prices:sample=80
10:07,基本金属,3.254,proxy,ftshare:stock-quotes-list+stock-prices:sample=80
10:08,基本金属,4.1855,proxy,ftshare:stock-quotes-list+stock-prices:sample=80
10:09,基本金属,3.5261,proxy,ftshare:stock-quotes-list+stock-prices:sample=80
10:10,基本金属,4.6031,proxy,ftshare:stock-quotes-list+stock-prices:sample=80
10:11,基本金属,5.5395,proxy,ftshare:stock-quotes-list+stock-prices:sample=80
10:12,基本金属,6.5275,proxy,ftshare:stock-quotes-list+stock-prices:sample=80
10:13,基本金属,9.3078,proxy,ftshare:stock-quotes-list+stock-prices:sample=80
10:14,基本金属,8.2518,proxy,ftshare:stock-quotes-list+stock-prices:sample=80
10:15,基本金属,9.59,proxy,ftshare:stock-quotes-list+stock-prices:sample=80
10:16,基本金属,8.5144,proxy,ftshare:stock-quotes-list+stock-prices:sample=80
10:17,基本金属,8.25,proxy,ftshare:stock-quotes-list+stock-prices:sample=80
10:18,基本金属,9.1703,proxy,ftshare:stock-quotes-list+stock-prices:sample=80
10:19,基本金属,9.55,proxy,ftshare:stock-quotes-list+stock-prices:sample=80
10:20,基本金属,10.2114,proxy,ftshare:stock-quotes-list+stock-prices:sample=80
10:21,基本金属,10.2188,proxy,ftshare:stock-quotes-list+stock-prices:sample=80
10:22,基本金属,11.1788,proxy,ftshare:stock-quotes-list+stock-prices:sample=80
10:23,基本金属,12.4159,proxy,ftshare:stock-quotes-list+stock-prices:sample=80
10:24,基本金属,14.2286,proxy,ftshare:stock-quotes-list+stock-prices:sample=80
10:25,基本金属,14.1492,proxy,ftshare:stock-quotes-list+stock-prices:sample=80
10:26,基本金属,14.9998,proxy,ftshare:stock-quotes-list+stock-prices:sample=80
10:27,基本金属,14.2468,proxy,ftshare:stock-quotes-list+stock-prices:sample=80
10:28,基本金属,14.3712,proxy,ftshare:stock-quotes-list+stock-prices:sample=80
10:29,基本金属,13.4313,proxy,ftshare:stock-quotes-list+stock-prices:sample=80
10:30,基本金属,12.6364,proxy,ftshare:stock-quotes-list+stock-prices:sample=80
10:31,基本金属,12.9625,proxy,ftshare:stock-quotes-list+stock-prices:sample=80
10:32,基本金属,12.9158,proxy,ftshare:stock-quotes-list+stock-prices:sample=80
10:33,基本金属,12.7531,proxy,ftshare:stock-quotes-list+stock-prices:sample=80
10:34,基本金属,12.753,proxy,ftshare:stock-quotes-list+stock-prices:sample=80
10:35,基本金属,13.5251,proxy,ftshare:stock-quotes-list+stock-prices:sample=80
10:36,基本金属,14.416,proxy,ftshare:stock-quotes-list+stock-prices:sample=80
10:37,基本金属,15.5997,proxy,ftshare:stock-quotes-list+stock-prices:sample=80
10:38,基本金属,14.4671,proxy,ftshare:stock-quotes-list+stock-prices:sample=80
10:39,基本金属,16.2182,proxy,ftshare:stock-quotes-list+stock-prices:sample=80
10:40,基本金属,19.3197,proxy,ftshare:stock-quotes-list+stock-prices:sample=80
10:41,基本金属,19.9677,proxy,ftshare:stock-quotes-list+stock-prices:sample=80
10:42,基本金属,20.1862,proxy,ftshare:stock-quotes-list+stock-prices:sample=80
10:43,基本金属,20.4038,proxy,ftshare:stock-quotes-list+stock-prices:sample=80
10:44,基本金属,19.6403,proxy,ftshare:stock-quotes-list+stock-prices:sample=80
10:45,基本金属,20.4215,proxy,ftshare:stock-quotes-list+stock-prices:sample=80
10:46,基本金属,19.8601,proxy,ftshare:stock-quotes-list+stock-prices:sample=80
10:47,基本金属,19.3218,proxy,ftshare:stock-quotes-list+stock-prices:sample=80
10:48,基本金属,18.8302,proxy,ftshare:stock-quotes-list+stock-prices:sample=80
10:49,基本金属,18.3738,proxy,ftshare:stock-quotes-list+stock-prices:sample=80
10:50,基本金属,18.1889,proxy,ftshare:stock-quotes-list+stock-prices:sample=80
10:51,基本金属,17.5028,proxy,ftshare:stock-quotes-list+stock-prices:sample=80
10:52,基本金属,18.1947,proxy,ftshare:stock-quotes-list+stock-prices:sample=80
10:53,基本金属,18.0394,proxy,ftshare:stock-quotes-list+stock-prices:sample=80
10:54,基本金属,17.2274,proxy,ftshare:stock-quotes-list+stock-prices:sample=80
10:55,基本金属,17.3492,proxy,ftshare:stock-quotes-list+stock-prices:sample=80
10:56,基本金属,16.7105,proxy,ftshare:stock-quotes-list+stock-prices:sample=80
10:57,基本金属,17.1692,proxy,ftshare:stock-quotes-list+stock-prices:sample=80
10:58,基本金属,17.3259,proxy,ftshare:stock-quotes-list+stock-prices:sample=80
10:59,基本金属,17.5063,proxy,ftshare:stock-quotes-list+stock-prices:sample=80
11:00,基本金属,17.908,proxy,ftshare:stock-quotes-list+stock-prices:sample=80
11:01,基本金属,17.8391,proxy,ftshare:stock-quotes-list+stock-prices:sample=80
11:02,基本金属,17.3093,proxy,ftshare:stock-quotes-list+stock-prices:sample=80
11:03,基本金属,17.4742,proxy,ftshare:stock-quotes-list+stock-prices:sample=80
11:04,基本金属,17.9048,proxy,ftshare:stock-quotes-list+stock-prices:sample=80
11:05,基本金属,17.8625,proxy,ftshare:stock-quotes-list+stock-prices:sample=80
11:06,基本金属,18.6216,proxy,ftshare:stock-quotes-list+stock-prices:sample=80
11:07,基本金属,18.2859,proxy,ftshare:stock-quotes-list+stock-prices:sample=80
11:08,基本金属,18.1742,proxy,ftshare:stock-quotes-list+stock-prices:sample=80
11:09,基本金属,18.3282,proxy,ftshare:stock-quotes-list+stock-prices:sample=80
11:10,基本金属,18.38,proxy,ftshare:stock-quotes-list+stock-prices:sample=80
11:11,基本金属,18.8894,proxy,ftshare:stock-quotes-list+stock-prices:sample=80
11:12,基本金属,19.3731,proxy,ftshare:stock-quotes-list+stock-prices:sample=80
11:13,基本金属,21.4493,proxy,ftshare:stock-quotes-list+stock-prices:sample=80
11:14,基本金属,23.7719,proxy,ftshare:stock-quotes-list+stock-prices:sample=80
11:15,基本金属,22.7449,proxy,ftshare:stock-quotes-list+stock-prices:sample=80
11:16,基本金属,22.7449,proxy,ftshare:stock-quotes-list+stock-prices:sample=80
11:17,基本金属,23.1233,proxy,ftshare:stock-quotes-list+stock-prices:sample=80
11:18,基本金属,23.9857,proxy,ftshare:stock-quotes-list+stock-prices:sample=80
11:19,基本金属,23.3568,proxy,ftshare:stock-quotes-list+stock-prices:sample=80
11:20,基本金属,22.67,proxy,ftshare:stock-quotes-list+stock-prices:sample=80
11:21,基本金属,23.8471,proxy,ftshare:stock-quotes-list+stock-prices:sample=80
11:22,基本金属,24.5183,proxy,ftshare:stock-quotes-list+stock-prices:sample=80
11:23,基本金属,23.694,proxy,ftshare:stock-quotes-list+stock-prices:sample=80
11:24,基本金属,23.9437,proxy,ftshare:stock-quotes-list+stock-prices:sample=80
11:25,基本金属,24.7368,proxy,ftshare:stock-quotes-list+stock-prices:sample=80
11:26,基本金属,24.8697,proxy,ftshare:stock-quotes-list+stock-prices:sample=80
11:27,基本金属,24.2797,proxy,ftshare:stock-quotes-list+stock-prices:sample=80
11:28,基本金属,24.5812,proxy,ftshare:stock-quotes-list+stock-prices:sample=80
11:29,基本金属,23.786,proxy,ftshare:stock-quotes-list+stock-prices:sample=80
11:30,基本金属,23.4272,proxy,ftshare:stock-quotes-list+stock-prices:sample=80
13:01,基本金属,21.7295,proxy,ftshare:stock-quotes-list+stock-prices:sample=80
13:02,基本金属,22.0937,proxy,ftshare:stock-quotes-list+stock-prices:sample=80
13:03,基本金属,22.7015,proxy,ftshare:stock-quotes-list+stock-prices:sample=80
13:04,基本金属,23.2198,proxy,ftshare:stock-quotes-list+stock-prices:sample=80
13:05,基本金属,22.5182,proxy,ftshare:stock-quotes-list+stock-prices:sample=80
13:06,基本金属,21.9996,proxy,ftshare:stock-quotes-list+stock-prices:sample=80
13:07,基本金属,22.0821,proxy,ftshare:stock-quotes-list+stock-prices:sample=80
13:08,基本金属,22.9282,proxy,ftshare:stock-quotes-list+stock-prices:sample=80
13:09,基本金属,22.7867,proxy,ftshare:stock-quotes-list+stock-prices:sample=80
13:10,基本金属,23.2112,proxy,ftshare:stock-quotes-list+stock-prices:sample=80
13:11,基本金属,23.5878,proxy,ftshare:stock-quotes-list+stock-prices:sample=80
13:12,基本金属,22.979,proxy,ftshare:stock-quotes-list+stock-prices:sample=80
13:13,基本金属,23.3374,proxy,ftshare:stock-quotes-list+stock-prices:sample=80
13:14,基本金属,22.5868,proxy,ftshare:stock-quotes-list+stock-prices:sample=80
13:15,基本金属,22.9668,proxy,ftshare:stock-quotes-list+stock-prices:sample=80
13:16,基本金属,23.532,proxy,ftshare:stock-quotes-list+stock-prices:sample=80
13:17,基本金属,23.249,proxy,ftshare:stock-quotes-list+stock-prices:sample=80
13:18,基本金属,22.8194,proxy,ftshare:stock-quotes-list+stock-prices:sample=80
13:19,基本金属,22.8343,proxy,ftshare:stock-quotes-list+stock-prices:sample=80
13:20,基本金属,22.4741,proxy,ftshare:stock-quotes-list+stock-prices:sample=80
13:21,基本金属,22.024,proxy,ftshare:stock-quotes-list+stock-prices:sample=80
13:22,基本金属,22.6915,proxy,ftshare:stock-quotes-list+stock-prices:sample=80
13:23,基本金属,23.0801,proxy,ftshare:stock-quotes-list+stock-prices:sample=80
13:24,基本金属,23.6818,proxy,ftshare:stock-quotes-list+stock-prices:sample=80
13:25,基本金属,24.5214,proxy,ftshare:stock-quotes-list+stock-prices:sample=80
13:26,基本金属,24.7272,proxy,ftshare:stock-quotes-list+stock-prices:sample=80
13:27,基本金属,24.9426,proxy,ftshare:stock-quotes-list+stock-prices:sample=80
13:28,基本金属,24.0979,proxy,ftshare:stock-quotes-list+stock-prices:sample=80
13:29,基本金属,23.5625,proxy,ftshare:stock-quotes-list+stock-prices:sample=80
13:30,基本金属,24.2664,proxy,ftshare:stock-quotes-list+stock-prices:sample=80
13:31,基本金属,23.1271,proxy,ftshare:stock-quotes-list+stock-prices:sample=80
13:32,基本金属,23.7086,proxy,ftshare:stock-quotes-list+stock-prices:sample=80
13:33,基本金属,23.7586,proxy,ftshare:stock-quotes-list+stock-prices:sample=80
13:34,基本金属,23.2808,proxy,ftshare:stock-quotes-list+stock-prices:sample=80
13:35,基本金属,23.9924,proxy,ftshare:stock-quotes-list+stock-prices:sample=80
13:36,基本金属,24.982,proxy,ftshare:stock-quotes-list+stock-prices:sample=80
13:37,基本金属,24.8315,proxy,ftshare:stock-quotes-list+stock-prices:sample=80
13:38,基本金属,24.8567,proxy,ftshare:stock-quotes-list+stock-prices:sample=80
13:39,基本金属,25.5238,proxy,ftshare:stock-quotes-list+stock-prices:sample=80
13:40,基本金属,26.8072,proxy,ftshare:stock-quotes-list+stock-prices:sample=80
13:41,基本金属,26.0495,proxy,ftshare:stock-quotes-list+stock-prices:sample=80
13:42,基本金属,25.8601,proxy,ftshare:stock-quotes-list+stock-prices:sample=80
13:43,基本金属,25.9249,proxy,ftshare:stock-quotes-list+stock-prices:sample=80
13:44,基本金属,25.8073,proxy,ftshare:stock-quotes-list+stock-prices:sample=80
13:45,基本金属,25.6902,proxy,ftshare:stock-quotes-list+stock-prices:sample=80
13:46,基本金属,25.2854,proxy,ftshare:stock-quotes-list+stock-prices:sample=80
13:47,基本金属,25.837,proxy,ftshare:stock-quotes-list+stock-prices:sample=80
13:48,基本金属,25.9195,proxy,ftshare:stock-quotes-list+stock-prices:sample=80
13:49,基本金属,25.7444,proxy,ftshare:stock-quotes-list+stock-prices:sample=80
13:50,基本金属,26.0745,proxy,ftshare:stock-quotes-list+stock-prices:sample=80
13:51,基本金属,26.0591,proxy,ftshare:stock-quotes-list+stock-prices:sample=80
13:52,基本金属,26.0197,proxy,ftshare:stock-quotes-list+stock-prices:sample=80
13:53,基本金属,25.8847,proxy,ftshare:stock-quotes-list+stock-prices:sample=80
13:54,基本金属,26.5694,proxy,ftshare:stock-quotes-list+stock-prices:sample=80
13:55,基本金属,26.1718,proxy,ftshare:stock-quotes-list+stock-prices:sample=80
13:56,基本金属,26.0791,proxy,ftshare:stock-quotes-list+stock-prices:sample=80
13:57,基本金属,26.504,proxy,ftshare:stock-quotes-list+stock-prices:sample=80
13:58,基本金属,26.7696,proxy,ftshare:stock-quotes-list+stock-prices:sample=80
13:59,基本金属,27.2919,proxy,ftshare:stock-quotes-list+stock-prices:sample=80
14:00,基本金属,26.5519,proxy,ftshare:stock-quotes-list+stock-prices:sample=80
14:01,基本金属,26.4896,proxy,ftshare:stock-quotes-list+stock-prices:sample=80
14:02,基本金属,26.4049,proxy,ftshare:stock-quotes-list+stock-prices:sample=80
14:03,基本金属,26.2663,proxy,ftshare:stock-quotes-list+stock-prices:sample=80
14:04,基本金属,26.2749,proxy,ftshare:stock-quotes-list+stock-prices:sample=80
14:05,基本金属,26.4706,proxy,ftshare:stock-quotes-list+stock-prices:sample=80
14:06,基本金属,27.8674,proxy,ftshare:stock-quotes-list+stock-prices:sample=80
14:07,基本金属,28.5403,proxy,ftshare:stock-quotes-list+stock-prices:sample=80
14:08,基本金属,29.1893,proxy,ftshare:stock-quotes-list+stock-prices:sample=80
14:09,基本金属,30.0169,proxy,ftshare:stock-quotes-list+stock-prices:sample=80
14:10,基本金属,29.8627,proxy,ftshare:stock-quotes-list+stock-prices:sample=80
14:11,基本金属,29.3709,proxy,ftshare:stock-quotes-list+stock-prices:sample=80
14:12,基本金属,29.3709,proxy,ftshare:stock-quotes-list+stock-prices:sample=80
14:13,基本金属,29.9656,proxy,ftshare:stock-quotes-list+stock-prices:sample=80
14:14,基本金属,30.1743,proxy,ftshare:stock-quotes-list+stock-prices:sample=80
14:15,基本金属,31.4673,proxy,ftshare:stock-quotes-list+stock-prices:sample=80
14:16,基本金属,31.9132,proxy,ftshare:stock-quotes-list+stock-prices:sample=80
14:17,基本金属,32.6688,proxy,ftshare:stock-quotes-list+stock-prices:sample=80
14:18,基本金属,33.3815,proxy,ftshare:stock-quotes-list+stock-prices:sample=80
14:19,基本金属,32.6532,proxy,ftshare:stock-quotes-list+stock-prices:sample=80
14:20,基本金属,32.2066,proxy,ftshare:stock-quotes-list+stock-prices:sample=80
14:21,基本金属,31.5602,proxy,ftshare:stock-quotes-list+stock-prices:sample=80
14:22,基本金属,31.7459,proxy,ftshare:stock-quotes-list+stock-prices:sample=80
14:23,基本金属,32.0942,proxy,ftshare:stock-quotes-list+stock-prices:sample=80
14:24,基本金属,32.037,proxy,ftshare:stock-quotes-list+stock-prices:sample=80
14:25,基本金属,32.5369,proxy,ftshare:stock-quotes-list+stock-prices:sample=80
14:26,基本金属,32.6354,proxy,ftshare:stock-quotes-list+stock-prices:sample=80
14:27,基本金属,32.1233,proxy,ftshare:stock-quotes-list+stock-prices:sample=80
14:28,基本金属,32.282,proxy,ftshare:stock-quotes-list+stock-prices:sample=80
14:29,基本金属,32.7506,proxy,ftshare:stock-quotes-list+stock-prices:sample=80
14:30,基本金属,33.2273,proxy,ftshare:stock-quotes-list+stock-prices:sample=80
14:31,基本金属,33.0625,proxy,ftshare:stock-quotes-list+stock-prices:sample=80
14:32,基本金属,33.6172,proxy,ftshare:stock-quotes-list+stock-prices:sample=80
14:33,基本金属,34.3552,proxy,ftshare:stock-quotes-list+stock-prices:sample=80
14:34,基本金属,35.1144,proxy,ftshare:stock-quotes-list+stock-prices:sample=80
14:35,基本金属,35.4468,proxy,ftshare:stock-quotes-list+stock-prices:sample=80
14:36,基本金属,35.6875,proxy,ftshare:stock-quotes-list+stock-prices:sample=80
14:37,基本金属,36.4905,proxy,ftshare:stock-quotes-list+stock-prices:sample=80
14:38,基本金属,36.243,proxy,ftshare:stock-quotes-list+stock-prices:sample=80
14:39,基本金属,35.4191,proxy,ftshare:stock-quotes-list+stock-prices:sample=80
14:40,基本金属,35.917,proxy,ftshare:stock-quotes-list+stock-prices:sample=80
14:41,基本金属,35.6152,proxy,ftshare:stock-quotes-list+stock-prices:sample=80
14:42,基本金属,36.3236,proxy,ftshare:stock-quotes-list+stock-prices:sample=80
14:43,基本金属,37.315,proxy,ftshare:stock-quotes-list+stock-prices:sample=80
14:44,基本金属,37.784,proxy,ftshare:stock-quotes-list+stock-prices:sample=80
14:45,基本金属,36.6961,proxy,ftshare:stock-quotes-list+stock-prices:sample=80
14:46,基本金属,36.4363,proxy,ftshare:stock-quotes-list+stock-prices:sample=80
14:47,基本金属,36.6336,proxy,ftshare:stock-quotes-list+stock-prices:sample=80
14:48,基本金属,37.4646,proxy,ftshare:stock-quotes-list+stock-prices:sample=80
14:49,基本金属,36.6765,proxy,ftshare:stock-quotes-list+stock-prices:sample=80
14:50,基本金属,36.2601,proxy,ftshare:stock-quotes-list+stock-prices:sample=80
14:51,基本金属,37.0494,proxy,ftshare:stock-quotes-list+stock-prices:sample=80
14:52,基本金属,36.6325,proxy,ftshare:stock-quotes-list+stock-prices:sample=80
14:53,基本金属,37.0038,proxy,ftshare:stock-quotes-list+stock-prices:sample=80
14:54,基本金属,37.269,proxy,ftshare:stock-quotes-list+stock-prices:sample=80
14:55,基本金属,36.9861,proxy,ftshare:stock-quotes-list+stock-prices:sample=80
14:56,基本金属,35.7113,proxy,ftshare:stock-quotes-list+stock-prices:sample=80
14:57,基本金属,36.0344,proxy,ftshare:stock-quotes-list+stock-prices:sample=80
14:58,基本金属,36.0451,proxy,ftshare:stock-quotes-list+stock-prices:sample=80
14:59,基本金属,36.0451,proxy,ftshare:stock-quotes-list+stock-prices:sample=80
15:00,基本金属,35.3472,proxy,ftshare:stock-quotes-list+stock-prices:sample=80
09:30,其他化学制品,5.491,proxy,ftshare:stock-quotes-list+stock-prices:sample=80
09:31,其他化学制品,17.5043,proxy,ftshare:stock-quotes-list+stock-prices:sample=80
09:32,其他化学制品,10.0693,proxy,ftshare:stock-quotes-list+stock-prices:sample=80
09:33,其他化学制品,16.7106,proxy,ftshare:stock-quotes-list+stock-prices:sample=80
09:34,其他化学制品,19.7123,proxy,ftshare:stock-quotes-list+stock-prices:sample=80
09:35,其他化学制品,24.8642,proxy,ftshare:stock-quotes-list+stock-prices:sample=80
09:36,其他化学制品,22.5708,proxy,ftshare:stock-quotes-list+stock-prices:sample=80
09:37,其他化学制品,21.3883,proxy,ftshare:stock-quotes-list+stock-prices:sample=80
09:38,其他化学制品,25.4782,proxy,ftshare:stock-quotes-list+stock-prices:sample=80
09:39,其他化学制品,22.7701,proxy,ftshare:stock-quotes-list+stock-prices:sample=80
09:40,其他化学制品,26.0223,proxy,ftshare:stock-quotes-list+stock-prices:sample=80
09:41,其他化学制品,26.5405,proxy,ftshare:stock-quotes-list+stock-prices:sample=80
09:42,其他化学制品,25.5669,proxy,ftshare:stock-quotes-list+stock-prices:sample=80
09:43,其他化学制品,24.6601,proxy,ftshare:stock-quotes-list+stock-prices:sample=80
09:44,其他化学制品,24.2681,proxy,ftshare:stock-quotes-list+stock-prices:sample=80
09:45,其他化学制品,24.466,proxy,ftshare:stock-quotes-list+stock-prices:sample=80
09:46,其他化学制品,22.5325,proxy,ftshare:stock-quotes-list+stock-prices:sample=80
09:47,其他化学制品,20.7828,proxy,ftshare:stock-quotes-list+stock-prices:sample=80
09:48,其他化学制品,20.9049,proxy,ftshare:stock-quotes-list+stock-prices:sample=80
09:49,其他化学制品,19.1066,proxy,ftshare:stock-quotes-list+stock-prices:sample=80
09:50,其他化学制品,18.7398,proxy,ftshare:stock-quotes-list+stock-prices:sample=80
09:51,其他化学制品,20.0827,proxy,ftshare:stock-quotes-list+stock-prices:sample=80
09:52,其他化学制品,21.4626,proxy,ftshare:stock-quotes-list+stock-prices:sample=80
09:53,其他化学制品,21.751,proxy,ftshare:stock-quotes-list+stock-prices:sample=80
09:54,其他化学制品,22.0831,proxy,ftshare:stock-quotes-list+stock-prices:sample=80
09:55,其他化学制品,24.6569,proxy,ftshare:stock-quotes-list+stock-prices:sample=80
09:56,其他化学制品,24.9145,proxy,ftshare:stock-quotes-list+stock-prices:sample=80
09:57,其他化学制品,26.8801,proxy,ftshare:stock-quotes-list+stock-prices:sample=80
09:58,其他化学制品,28.3462,proxy,ftshare:stock-quotes-list+stock-prices:sample=80
09:59,其他化学制品,29.7643,proxy,ftshare:stock-quotes-list+stock-prices:sample=80
10:00,其他化学制品,30.3816,proxy,ftshare:stock-quotes-list+stock-prices:sample=80
10:01,其他化学制品,28.3286,proxy,ftshare:stock-quotes-list+stock-prices:sample=80
10:02,其他化学制品,29.7394,proxy,ftshare:stock-quotes-list+stock-prices:sample=80
10:03,其他化学制品,28.7972,proxy,ftshare:stock-quotes-list+stock-prices:sample=80
10:04,其他化学制品,28.1947,proxy,ftshare:stock-quotes-list+stock-prices:sample=80
10:05,其他化学制品,28.2253,proxy,ftshare:stock-quotes-list+stock-prices:sample=80
10:06,其他化学制品,29.7065,proxy,ftshare:stock-quotes-list+stock-prices:sample=80
10:07,其他化学制品,28.5205,proxy,ftshare:stock-quotes-list+stock-prices:sample=80
10:08,其他化学制品,29.6017,proxy,ftshare:stock-quotes-list+stock-prices:sample=80
10:09,其他化学制品,27.1869,proxy,ftshare:stock-quotes-list+stock-prices:sample=80
10:10,其他化学制品,25.8566,proxy,ftshare:stock-quotes-list+stock-prices:sample=80
10:11,其他化学制品,25.9259,proxy,ftshare:stock-quotes-list+stock-prices:sample=80
10:12,其他化学制品,27.0448,proxy,ftshare:stock-quotes-list+stock-prices:sample=80
10:13,其他化学制品,26.6515,proxy,ftshare:stock-quotes-list+stock-prices:sample=80
10:14,其他化学制品,27.4912,proxy,ftshare:stock-quotes-list+stock-prices:sample=80
10:15,其他化学制品,27.5355,proxy,ftshare:stock-quotes-list+stock-prices:sample=80
10:16,其他化学制品,26.5632,proxy,ftshare:stock-quotes-list+stock-prices:sample=80
10:17,其他化学制品,25.6899,proxy,ftshare:stock-quotes-list+stock-prices:sample=80
10:18,其他化学制品,26.0048,proxy,ftshare:stock-quotes-list+stock-prices:sample=80
10:19,其他化学制品,25.7514,proxy,ftshare:stock-quotes-list+stock-prices:sample=80
10:20,其他化学制品,26.358,proxy,ftshare:stock-quotes-list+stock-prices:sample=80
10:21,其他化学制品,26.0423,proxy,ftshare:stock-quotes-list+stock-prices:sample=80
10:22,其他化学制品,26.1869,proxy,ftshare:stock-quotes-list+stock-prices:sample=80
10:23,其他化学制品,26.9592,proxy,ftshare:stock-quotes-list+stock-prices:sample=80
10:24,其他化学制品,27.548,proxy,ftshare:stock-quotes-list+stock-prices:sample=80
10:25,其他化学制品,27.0399,proxy,ftshare:stock-quotes-list+stock-prices:sample=80
10:26,其他化学制品,27.158,proxy,ftshare:stock-quotes-list+stock-prices:sample=80
10:27,其他化学制品,26.5886,proxy,ftshare:stock-quotes-list+stock-prices:sample=80
10:28,其他化学制品,26.492,proxy,ftshare:stock-quotes-list+stock-prices:sample=80
10:29,其他化学制品,27.4843,proxy,ftshare:stock-quotes-list+stock-prices:sample=80
10:30,其他化学制品,25.87,proxy,ftshare:stock-quotes-list+stock-prices:sample=80
10:31,其他化学制品,27.1268,proxy,ftshare:stock-quotes-list+stock-prices:sample=80
10:32,其他化学制品,25.826,proxy,ftshare:stock-quotes-list+stock-prices:sample=80
10:33,其他化学制品,24.8649,proxy,ftshare:stock-quotes-list+stock-prices:sample=80
10:34,其他化学制品,23.6724,proxy,ftshare:stock-quotes-list+stock-prices:sample=80
10:35,其他化学制品,23.7613,proxy,ftshare:stock-quotes-list+stock-prices:sample=80
10:36,其他化学制品,24.6035,proxy,ftshare:stock-quotes-list+stock-prices:sample=80
10:37,其他化学制品,23.6785,proxy,ftshare:stock-quotes-list+stock-prices:sample=80
10:38,其他化学制品,23.6953,proxy,ftshare:stock-quotes-list+stock-prices:sample=80
10:39,其他化学制品,24.285,proxy,ftshare:stock-quotes-list+stock-prices:sample=80
10:40,其他化学制品,23.6458,proxy,ftshare:stock-quotes-list+stock-prices:sample=80
10:41,其他化学制品,23.6884,proxy,ftshare:stock-quotes-list+stock-prices:sample=80
10:42,其他化学制品,23.9209,proxy,ftshare:stock-quotes-list+stock-prices:sample=80
10:43,其他化学制品,24.0294,proxy,ftshare:stock-quotes-list+stock-prices:sample=80
10:44,其他化学制品,24.0609,proxy,ftshare:stock-quotes-list+stock-prices:sample=80
10:45,其他化学制品,25.5493,proxy,ftshare:stock-quotes-list+stock-prices:sample=80
10:46,其他化学制品,23.8544,proxy,ftshare:stock-quotes-list+stock-prices:sample=80
10:47,其他化学制品,23.0545,proxy,ftshare:stock-quotes-list+stock-prices:sample=80
10:48,其他化学制品,22.9971,proxy,ftshare:stock-quotes-list+stock-prices:sample=80
10:49,其他化学制品,20.0448,proxy,ftshare:stock-quotes-list+stock-prices:sample=80
10:50,其他化学制品,18.6471,proxy,ftshare:stock-quotes-list+stock-prices:sample=80
10:51,其他化学制品,19.4329,proxy,ftshare:stock-quotes-list+stock-prices:sample=80
10:52,其他化学制品,19.7243,proxy,ftshare:stock-quotes-list+stock-prices:sample=80
10:53,其他化学制品,20.7156,proxy,ftshare:stock-quotes-list+stock-prices:sample=80
10:54,其他化学制品,20.2007,proxy,ftshare:stock-quotes-list+stock-prices:sample=80
10:55,其他化学制品,19.4395,proxy,ftshare:stock-quotes-list+stock-prices:sample=80
10:56,其他化学制品,19.6321,proxy,ftshare:stock-quotes-list+stock-prices:sample=80
10:57,其他化学制品,18.9986,proxy,ftshare:stock-quotes-list+stock-prices:sample=80
10:58,其他化学制品,18.9782,proxy,ftshare:stock-quotes-list+stock-prices:sample=80
10:59,其他化学制品,19.5449,proxy,ftshare:stock-quotes-list+stock-prices:sample=80
11:00,其他化学制品,19.6762,proxy,ftshare:stock-quotes-list+stock-prices:sample=80
11:01,其他化学制品,19.2152,proxy,ftshare:stock-quotes-list+stock-prices:sample=80
11:02,其他化学制品,19.7585,proxy,ftshare:stock-quotes-list+stock-prices:sample=80
11:03,其他化学制品,20.029,proxy,ftshare:stock-quotes-list+stock-prices:sample=80
11:04,其他化学制品,20.1954,proxy,ftshare:stock-quotes-list+stock-prices:sample=80
11:05,其他化学制品,20.3995,proxy,ftshare:stock-quotes-list+stock-prices:sample=80
11:06,其他化学制品,20.6467,proxy,ftshare:stock-quotes-list+stock-prices:sample=80
11:07,其他化学制品,20.3489,proxy,ftshare:stock-quotes-list+stock-prices:sample=80
11:08,其他化学制品,20.8203,proxy,ftshare:stock-quotes-list+stock-prices:sample=80
11:09,其他化学制品,20.995,proxy,ftshare:stock-quotes-list+stock-prices:sample=80
11:10,其他化学制品,20.6484,proxy,ftshare:stock-quotes-list+stock-prices:sample=80
11:11,其他化学制品,20.741,proxy,ftshare:stock-quotes-list+stock-prices:sample=80
11:12,其他化学制品,20.8118,proxy,ftshare:stock-quotes-list+stock-prices:sample=80
11:13,其他化学制品,21.0329,proxy,ftshare:stock-quotes-list+stock-prices:sample=80
11:14,其他化学制品,20.7742,proxy,ftshare:stock-quotes-list+stock-prices:sample=80
11:15,其他化学制品,20.7693,proxy,ftshare:stock-quotes-list+stock-prices:sample=80
11:16,其他化学制品,21.1712,proxy,ftshare:stock-quotes-list+stock-prices:sample=80
11:17,其他化学制品,23.0128,proxy,ftshare:stock-quotes-list+stock-prices:sample=80
11:18,其他化学制品,21.9513,proxy,ftshare:stock-quotes-list+stock-prices:sample=80
11:19,其他化学制品,27.1521,proxy,ftshare:stock-quotes-list+stock-prices:sample=80
11:20,其他化学制品,27.0393,proxy,ftshare:stock-quotes-list+stock-prices:sample=80
11:21,其他化学制品,26.9075,proxy,ftshare:stock-quotes-list+stock-prices:sample=80
11:22,其他化学制品,27.0454,proxy,ftshare:stock-quotes-list+stock-prices:sample=80
11:23,其他化学制品,26.9694,proxy,ftshare:stock-quotes-list+stock-prices:sample=80
11:24,其他化学制品,27.1352,proxy,ftshare:stock-quotes-list+stock-prices:sample=80
11:25,其他化学制品,27.2331,proxy,ftshare:stock-quotes-list+stock-prices:sample=80
11:26,其他化学制品,27.3773,proxy,ftshare:stock-quotes-list+stock-prices:sample=80
11:27,其他化学制品,27.1259,proxy,ftshare:stock-quotes-list+stock-prices:sample=80
11:28,其他化学制品,27.2335,proxy,ftshare:stock-quotes-list+stock-prices:sample=80
11:29,其他化学制品,27.0689,proxy,ftshare:stock-quotes-list+stock-prices:sample=80
11:30,其他化学制品,27.2628,proxy,ftshare:stock-quotes-list+stock-prices:sample=80
13:01,其他化学制品,28.1436,proxy,ftshare:stock-quotes-list+stock-prices:sample=80
13:02,其他化学制品,28.4457,proxy,ftshare:stock-quotes-list+stock-prices:sample=80
13:03,其他化学制品,28.2133,proxy,ftshare:stock-quotes-list+stock-prices:sample=80
13:04,其他化学制品,27.9897,proxy,ftshare:stock-quotes-list+stock-prices:sample=80
13:05,其他化学制品,28.1521,proxy,ftshare:stock-quotes-list+stock-prices:sample=80
13:06,其他化学制品,27.8979,proxy,ftshare:stock-quotes-list+stock-prices:sample=80
13:07,其他化学制品,27.6567,proxy,ftshare:stock-quotes-list+stock-prices:sample=80
13:08,其他化学制品,27.3798,proxy,ftshare:stock-quotes-list+stock-prices:sample=80
13:09,其他化学制品,27.5312,proxy,ftshare:stock-quotes-list+stock-prices:sample=80
13:10,其他化学制品,27.0737,proxy,ftshare:stock-quotes-list+stock-prices:sample=80
13:11,其他化学制品,27.2969,proxy,ftshare:stock-quotes-list+stock-prices:sample=80
13:12,其他化学制品,27.4879,proxy,ftshare:stock-quotes-list+stock-prices:sample=80
13:13,其他化学制品,27.7227,proxy,ftshare:stock-quotes-list+stock-prices:sample=80
13:14,其他化学制品,28.1133,proxy,ftshare:stock-quotes-list+stock-prices:sample=80
13:15,其他化学制品,28.3465,proxy,ftshare:stock-quotes-list+stock-prices:sample=80
13:16,其他化学制品,28.0053,proxy,ftshare:stock-quotes-list+stock-prices:sample=80
13:17,其他化学制品,27.7918,proxy,ftshare:stock-quotes-list+stock-prices:sample=80
13:18,其他化学制品,27.9512,proxy,ftshare:stock-quotes-list+stock-prices:sample=80
13:19,其他化学制品,28.1421,proxy,ftshare:stock-quotes-list+stock-prices:sample=80
13:20,其他化学制品,27.9981,proxy,ftshare:stock-quotes-list+stock-prices:sample=80
13:21,其他化学制品,27.9166,proxy,ftshare:stock-quotes-list+stock-prices:sample=80
13:22,其他化学制品,28.0498,proxy,ftshare:stock-quotes-list+stock-prices:sample=80
13:23,其他化学制品,28.1188,proxy,ftshare:stock-quotes-list+stock-prices:sample=80
13:24,其他化学制品,28.026,proxy,ftshare:stock-quotes-list+stock-prices:sample=80
13:25,其他化学制品,27.8493,proxy,ftshare:stock-quotes-list+stock-prices:sample=80
13:26,其他化学制品,27.3929,proxy,ftshare:stock-quotes-list+stock-prices:sample=80
13:27,其他化学制品,27.1937,proxy,ftshare:stock-quotes-list+stock-prices:sample=80
13:28,其他化学制品,26.8595,proxy,ftshare:stock-quotes-list+stock-prices:sample=80
13:29,其他化学制品,25.839,proxy,ftshare:stock-quotes-list+stock-prices:sample=80
13:30,其他化学制品,25.0195,proxy,ftshare:stock-quotes-list+stock-prices:sample=80
13:31,其他化学制品,25.4504,proxy,ftshare:stock-quotes-list+stock-prices:sample=80
13:32,其他化学制品,25.1336,proxy,ftshare:stock-quotes-list+stock-prices:sample=80
13:33,其他化学制品,25.3514,proxy,ftshare:stock-quotes-list+stock-prices:sample=80
13:34,其他化学制品,25.5267,proxy,ftshare:stock-quotes-list+stock-prices:sample=80
13:35,其他化学制品,25.7103,proxy,ftshare:stock-quotes-list+stock-prices:sample=80
13:36,其他化学制品,25.9355,proxy,ftshare:stock-quotes-list+stock-prices:sample=80
13:37,其他化学制品,25.9355,proxy,ftshare:stock-quotes-list+stock-prices:sample=80
13:38,其他化学制品,26.1296,proxy,ftshare:stock-quotes-list+stock-prices:sample=80
13:39,其他化学制品,26.2555,proxy,ftshare:stock-quotes-list+stock-prices:sample=80
13:40,其他化学制品,26.429,proxy,ftshare:stock-quotes-list+stock-prices:sample=80
13:41,其他化学制品,26.7881,proxy,ftshare:stock-quotes-list+stock-prices:sample=80
13:42,其他化学制品,26.4691,proxy,ftshare:stock-quotes-list+stock-prices:sample=80
13:43,其他化学制品,26.4691,proxy,ftshare:stock-quotes-list+stock-prices:sample=80
13:44,其他化学制品,26.2381,proxy,ftshare:stock-quotes-list+stock-prices:sample=80
13:45,其他化学制品,26.4015,proxy,ftshare:stock-quotes-list+stock-prices:sample=80
13:46,其他化学制品,26.6446,proxy,ftshare:stock-quotes-list+stock-prices:sample=80
13:47,其他化学制品,26.528,proxy,ftshare:stock-quotes-list+stock-prices:sample=80
13:48,其他化学制品,26.7302,proxy,ftshare:stock-quotes-list+stock-prices:sample=80
13:49,其他化学制品,27.0516,proxy,ftshare:stock-quotes-list+stock-prices:sample=80
13:50,其他化学制品,26.8776,proxy,ftshare:stock-quotes-list+stock-prices:sample=80
13:51,其他化学制品,26.7487,proxy,ftshare:stock-quotes-list+stock-prices:sample=80
13:52,其他化学制品,26.6069,proxy,ftshare:stock-quotes-list+stock-prices:sample=80
13:53,其他化学制品,26.5052,proxy,ftshare:stock-quotes-list+stock-prices:sample=80
13:54,其他化学制品,26.3811,proxy,ftshare:stock-quotes-list+stock-prices:sample=80
13:55,其他化学制品,26.2198,proxy,ftshare:stock-quotes-list+stock-prices:sample=80
13:56,其他化学制品,26.0964,proxy,ftshare:stock-quotes-list+stock-prices:sample=80
13:57,其他化学制品,26.2996,proxy,ftshare:stock-quotes-list+stock-prices:sample=80
13:58,其他化学制品,26.436,proxy,ftshare:stock-quotes-list+stock-prices:sample=80
13:59,其他化学制品,26.646,proxy,ftshare:stock-quotes-list+stock-prices:sample=80
14:00,其他化学制品,26.5128,proxy,ftshare:stock-quotes-list+stock-prices:sample=80
14:01,其他化学制品,26.3756,proxy,ftshare:stock-quotes-list+stock-prices:sample=80
14:02,其他化学制品,26.4782,proxy,ftshare:stock-quotes-list+stock-prices:sample=80
14:03,其他化学制品,26.5374,proxy,ftshare:stock-quotes-list+stock-prices:sample=80
14:04,其他化学制品,26.2071,proxy,ftshare:stock-quotes-list+stock-prices:sample=80
14:05,其他化学制品,26.0441,proxy,ftshare:stock-quotes-list+stock-prices:sample=80
14:06,其他化学制品,25.8513,proxy,ftshare:stock-quotes-list+stock-prices:sample=80
14:07,其他化学制品,25.9921,proxy,ftshare:stock-quotes-list+stock-prices:sample=80
14:08,其他化学制品,26.1431,proxy,ftshare:stock-quotes-list+stock-prices:sample=80
14:09,其他化学制品,25.9521,proxy,ftshare:stock-quotes-list+stock-prices:sample=80
14:10,其他化学制品,26.1288,proxy,ftshare:stock-quotes-list+stock-prices:sample=80
14:11,其他化学制品,25.8701,proxy,ftshare:stock-quotes-list+stock-prices:sample=80
14:12,其他化学制品,26.0129,proxy,ftshare:stock-quotes-list+stock-prices:sample=80
14:13,其他化学制品,26.1659,proxy,ftshare:stock-quotes-list+stock-prices:sample=80
14:14,其他化学制品,26.1659,proxy,ftshare:stock-quotes-list+stock-prices:sample=80
14:15,其他化学制品,26.4616,proxy,ftshare:stock-quotes-list+stock-prices:sample=80
14:16,其他化学制品,26.5782,proxy,ftshare:stock-quotes-list+stock-prices:sample=80
14:17,其他化学制品,26.753,proxy,ftshare:stock-quotes-list+stock-prices:sample=80
14:18,其他化学制品,26.5005,proxy,ftshare:stock-quotes-list+stock-prices:sample=80
14:19,其他化学制品,26.5005,proxy,ftshare:stock-quotes-list+stock-prices:sample=80
14:20,其他化学制品,26.3206,proxy,ftshare:stock-quotes-list+stock-prices:sample=80
14:21,其他化学制品,26.1543,proxy,ftshare:stock-quotes-list+stock-prices:sample=80
14:22,其他化学制品,26.0643,proxy,ftshare:stock-quotes-list+stock-prices:sample=80
14:23,其他化学制品,26.2003,proxy,ftshare:stock-quotes-list+stock-prices:sample=80
14:24,其他化学制品,26.009,proxy,ftshare:stock-quotes-list+stock-prices:sample=80
14:25,其他化学制品,26.1766,proxy,ftshare:stock-quotes-list+stock-prices:sample=80
14:26,其他化学制品,26.3067,proxy,ftshare:stock-quotes-list+stock-prices:sample=80
14:27,其他化学制品,26.4249,proxy,ftshare:stock-quotes-list+stock-prices:sample=80
14:28,其他化学制品,26.1909,proxy,ftshare:stock-quotes-list+stock-prices:sample=80
14:29,其他化学制品,25.9999,proxy,ftshare:stock-quotes-list+stock-prices:sample=80
14:30,其他化学制品,26.2057,proxy,ftshare:stock-quotes-list+stock-prices:sample=80
14:31,其他化学制品,26.617,proxy,ftshare:stock-quotes-list+stock-prices:sample=80
14:32,其他化学制品,26.3627,proxy,ftshare:stock-quotes-list+stock-prices:sample=80
14:33,其他化学制品,26.9315,proxy,ftshare:stock-quotes-list+stock-prices:sample=80
14:34,其他化学制品,27.2595,proxy,ftshare:stock-quotes-list+stock-prices:sample=80
14:35,其他化学制品,27.0368,proxy,ftshare:stock-quotes-list+stock-prices:sample=80
14:36,其他化学制品,27.2923,proxy,ftshare:stock-quotes-list+stock-prices:sample=80
14:37,其他化学制品,27.1509,proxy,ftshare:stock-quotes-list+stock-prices:sample=80
14:38,其他化学制品,27.0018,proxy,ftshare:stock-quotes-list+stock-prices:sample=80
14:39,其他化学制品,27.139,proxy,ftshare:stock-quotes-list+stock-prices:sample=80
14:40,其他化学制品,26.9074,proxy,ftshare:stock-quotes-list+stock-prices:sample=80
14:41,其他化学制品,26.7161,proxy,ftshare:stock-quotes-list+stock-prices:sample=80
14:42,其他化学制品,26.9503,proxy,ftshare:stock-quotes-list+stock-prices:sample=80
14:43,其他化学制品,27.2005,proxy,ftshare:stock-quotes-list+stock-prices:sample=80
14:44,其他化学制品,26.9584,proxy,ftshare:stock-quotes-list+stock-prices:sample=80
14:45,其他化学制品,27.4071,proxy,ftshare:stock-quotes-list+stock-prices:sample=80
14:46,其他化学制品,27.173,proxy,ftshare:stock-quotes-list+stock-prices:sample=80
14:47,其他化学制品,27.4431,proxy,ftshare:stock-quotes-list+stock-prices:sample=80
14:48,其他化学制品,27.8395,proxy,ftshare:stock-quotes-list+stock-prices:sample=80
14:49,其他化学制品,28.4954,proxy,ftshare:stock-quotes-list+stock-prices:sample=80
14:50,其他化学制品,27.9923,proxy,ftshare:stock-quotes-list+stock-prices:sample=80
14:51,其他化学制品,27.5824,proxy,ftshare:stock-quotes-list+stock-prices:sample=80
14:52,其他化学制品,28.0041,proxy,ftshare:stock-quotes-list+stock-prices:sample=80
14:53,其他化学制品,28.4587,proxy,ftshare:stock-quotes-list+stock-prices:sample=80
14:54,其他化学制品,28.0114,proxy,ftshare:stock-quotes-list+stock-prices:sample=80
14:55,其他化学制品,28.6072,proxy,ftshare:stock-quotes-list+stock-prices:sample=80
14:56,其他化学制品,27.6939,proxy,ftshare:stock-quotes-list+stock-prices:sample=80
14:57,其他化学制品,28.3496,proxy,ftshare:stock-quotes-list+stock-prices:sample=80
14:58,其他化学制品,28.3589,proxy,ftshare:stock-quotes-list+stock-prices:sample=80
14:59,其他化学制品,28.3589,proxy,ftshare:stock-quotes-list+stock-prices:sample=80
15:00,其他化学制品,29.8597,proxy,ftshare:stock-quotes-list+stock-prices:sample=80
09:30,其他通用机械,-0.8177,proxy,ftshare:stock-quotes-list+stock-prices:sample=80
09:31,其他通用机械,-4.3034,proxy,ftshare:stock-quotes-list+stock-prices:sample=80
09:32,其他通用机械,-0.8034,proxy,ftshare:stock-quotes-list+stock-prices:sample=80
09:33,其他通用机械,-1.3166,proxy,ftshare:stock-quotes-list+stock-prices:sample=80
09:34,其他通用机械,-2.4792,proxy,ftshare:stock-quotes-list+stock-prices:sample=80
09:35,其他通用机械,-4.0908,proxy,ftshare:stock-quotes-list+stock-prices:sample=80
09:36,其他通用机械,-4.0702,proxy,ftshare:stock-quotes-list+stock-prices:sample=80
09:37,其他通用机械,-3.8859,proxy,ftshare:stock-quotes-list+stock-prices:sample=80
09:38,其他通用机械,-5.2696,proxy,ftshare:stock-quotes-list+stock-prices:sample=80
09:39,其他通用机械,-3.596,proxy,ftshare:stock-quotes-list+stock-prices:sample=80
09:40,其他通用机械,-2.2497,proxy,ftshare:stock-quotes-list+stock-prices:sample=80
09:41,其他通用机械,-1.5646,proxy,ftshare:stock-quotes-list+stock-prices:sample=80
09:42,其他通用机械,-1.1702,proxy,ftshare:stock-quotes-list+stock-prices:sample=80
09:43,其他通用机械,-1.3366,proxy,ftshare:stock-quotes-list+stock-prices:sample=80
09:44,其他通用机械,-1.4125,proxy,ftshare:stock-quotes-list+stock-prices:sample=80
09:45,其他通用机械,-1.2192,proxy,ftshare:stock-quotes-list+stock-prices:sample=80
09:46,其他通用机械,-1.5512,proxy,ftshare:stock-quotes-list+stock-prices:sample=80
09:47,其他通用机械,-2.6313,proxy,ftshare:stock-quotes-list+stock-prices:sample=80
09:48,其他通用机械,-1.6784,proxy,ftshare:stock-quotes-list+stock-prices:sample=80
09:49,其他通用机械,-1.6156,proxy,ftshare:stock-quotes-list+stock-prices:sample=80
09:50,其他通用机械,-2.3438,proxy,ftshare:stock-quotes-list+stock-prices:sample=80
09:51,其他通用机械,-3.3179,proxy,ftshare:stock-quotes-list+stock-prices:sample=80
09:52,其他通用机械,-2.4266,proxy,ftshare:stock-quotes-list+stock-prices:sample=80
09:53,其他通用机械,-2.568,proxy,ftshare:stock-quotes-list+stock-prices:sample=80
09:54,其他通用机械,-2.6883,proxy,ftshare:stock-quotes-list+stock-prices:sample=80
09:55,其他通用机械,-3.5814,proxy,ftshare:stock-quotes-list+stock-prices:sample=80
09:56,其他通用机械,-3.1667,proxy,ftshare:stock-quotes-list+stock-prices:sample=80
09:57,其他通用机械,-3.0656,proxy,ftshare:stock-quotes-list+stock-prices:sample=80
09:58,其他通用机械,-2.5083,proxy,ftshare:stock-quotes-list+stock-prices:sample=80
09:59,其他通用机械,-2.7409,proxy,ftshare:stock-quotes-list+stock-prices:sample=80
10:00,其他通用机械,-4.6657,proxy,ftshare:stock-quotes-list+stock-prices:sample=80
10:01,其他通用机械,-4.1729,proxy,ftshare:stock-quotes-list+stock-prices:sample=80
10:02,其他通用机械,-3.4657,proxy,ftshare:stock-quotes-list+stock-prices:sample=80
10:03,其他通用机械,-3.8727,proxy,ftshare:stock-quotes-list+stock-prices:sample=80
10:04,其他通用机械,-4.3708,proxy,ftshare:stock-quotes-list+stock-prices:sample=80
10:05,其他通用机械,-5.4055,proxy,ftshare:stock-quotes-list+stock-prices:sample=80
10:06,其他通用机械,-6.6791,proxy,ftshare:stock-quotes-list+stock-prices:sample=80
10:07,其他通用机械,-8.1276,proxy,ftshare:stock-quotes-list+stock-prices:sample=80
10:08,其他通用机械,-7.6822,proxy,ftshare:stock-quotes-list+stock-prices:sample=80
10:09,其他通用机械,-8.869,proxy,ftshare:stock-quotes-list+stock-prices:sample=80
10:10,其他通用机械,-10.2146,proxy,ftshare:stock-quotes-list+stock-prices:sample=80
10:11,其他通用机械,-9.474,proxy,ftshare:stock-quotes-list+stock-prices:sample=80
10:12,其他通用机械,-8.6668,proxy,ftshare:stock-quotes-list+stock-prices:sample=80
10:13,其他通用机械,-8.9058,proxy,ftshare:stock-quotes-list+stock-prices:sample=80
10:14,其他通用机械,-9.7022,proxy,ftshare:stock-quotes-list+stock-prices:sample=80
10:15,其他通用机械,-9.7746,proxy,ftshare:stock-quotes-list+stock-prices:sample=80
10:16,其他通用机械,-11.3189,proxy,ftshare:stock-quotes-list+stock-prices:sample=80
10:17,其他通用机械,-13.3056,proxy,ftshare:stock-quotes-list+stock-prices:sample=80
10:18,其他通用机械,-12.0746,proxy,ftshare:stock-quotes-list+stock-prices:sample=80
10:19,其他通用机械,-12.1928,proxy,ftshare:stock-quotes-list+stock-prices:sample=80
10:20,其他通用机械,-11.7447,proxy,ftshare:stock-quotes-list+stock-prices:sample=80
10:21,其他通用机械,-11.6323,proxy,ftshare:stock-quotes-list+stock-prices:sample=80
10:22,其他通用机械,-12.4619,proxy,ftshare:stock-quotes-list+stock-prices:sample=80
10:23,其他通用机械,-12.054,proxy,ftshare:stock-quotes-list+stock-prices:sample=80
10:24,其他通用机械,-11.9241,proxy,ftshare:stock-quotes-list+stock-prices:sample=80
10:25,其他通用机械,-11.9126,proxy,ftshare:stock-quotes-list+stock-prices:sample=80
10:26,其他通用机械,-13.2242,proxy,ftshare:stock-quotes-list+stock-prices:sample=80
10:27,其他通用机械,-13.9775,proxy,ftshare:stock-quotes-list+stock-prices:sample=80
10:28,其他通用机械,-14.4142,proxy,ftshare:stock-quotes-list+stock-prices:sample=80
10:29,其他通用机械,-14.6599,proxy,ftshare:stock-quotes-list+stock-prices:sample=80
10:30,其他通用机械,-16.3962,proxy,ftshare:stock-quotes-list+stock-prices:sample=80
10:31,其他通用机械,-16.9448,proxy,ftshare:stock-quotes-list+stock-prices:sample=80
10:32,其他通用机械,-15.6499,proxy,ftshare:stock-quotes-list+stock-prices:sample=80
10:33,其他通用机械,-16.7665,proxy,ftshare:stock-quotes-list+stock-prices:sample=80
10:34,其他通用机械,-17.6975,proxy,ftshare:stock-quotes-list+stock-prices:sample=80
10:35,其他通用机械,-18.3146,proxy,ftshare:stock-quotes-list+stock-prices:sample=80
10:36,其他通用机械,-17.3626,proxy,ftshare:stock-quotes-list+stock-prices:sample=80
10:37,其他通用机械,-16.567,proxy,ftshare:stock-quotes-list+stock-prices:sample=80
10:38,其他通用机械,-16.7017,proxy,ftshare:stock-quotes-list+stock-prices:sample=80
10:39,其他通用机械,-16.0991,proxy,ftshare:stock-quotes-list+stock-prices:sample=80
10:40,其他通用机械,-16.1443,proxy,ftshare:stock-quotes-list+stock-prices:sample=80
10:41,其他通用机械,-16.8789,proxy,ftshare:stock-quotes-list+stock-prices:sample=80
10:42,其他通用机械,-16.7943,proxy,ftshare:stock-quotes-list+stock-prices:sample=80
10:43,其他通用机械,-16.931,proxy,ftshare:stock-quotes-list+stock-prices:sample=80
10:44,其他通用机械,-17.0102,proxy,ftshare:stock-quotes-list+stock-prices:sample=80
10:45,其他通用机械,-17.0697,proxy,ftshare:stock-quotes-list+stock-prices:sample=80
10:46,其他通用机械,-17.6856,proxy,ftshare:stock-quotes-list+stock-prices:sample=80
10:47,其他通用机械,-17.1968,proxy,ftshare:stock-quotes-list+stock-prices:sample=80
10:48,其他通用机械,-18.1302,proxy,ftshare:stock-quotes-list+stock-prices:sample=80
10:49,其他通用机械,-19.023,proxy,ftshare:stock-quotes-list+stock-prices:sample=80
10:50,其他通用机械,-19.6249,proxy,ftshare:stock-quotes-list+stock-prices:sample=80
10:51,其他通用机械,-21.1252,proxy,ftshare:stock-quotes-list+stock-prices:sample=80
10:52,其他通用机械,-21.0905,proxy,ftshare:stock-quotes-list+stock-prices:sample=80
10:53,其他通用机械,-21.4027,proxy,ftshare:stock-quotes-list+stock-prices:sample=80
10:54,其他通用机械,-22.5604,proxy,ftshare:stock-quotes-list+stock-prices:sample=80
10:55,其他通用机械,-24.2748,proxy,ftshare:stock-quotes-list+stock-prices:sample=80
10:56,其他通用机械,-23.3368,proxy,ftshare:stock-quotes-list+stock-prices:sample=80
10:57,其他通用机械,-22.7715,proxy,ftshare:stock-quotes-list+stock-prices:sample=80
10:58,其他通用机械,-23.3711,proxy,ftshare:stock-quotes-list+stock-prices:sample=80
10:59,其他通用机械,-22.9857,proxy,ftshare:stock-quotes-list+stock-prices:sample=80
11:00,其他通用机械,-22.5463,proxy,ftshare:stock-quotes-list+stock-prices:sample=80
11:01,其他通用机械,-22.2567,proxy,ftshare:stock-quotes-list+stock-prices:sample=80
11:02,其他通用机械,-22.5236,proxy,ftshare:stock-quotes-list+stock-prices:sample=80
11:03,其他通用机械,-22.5464,proxy,ftshare:stock-quotes-list+stock-prices:sample=80
11:04,其他通用机械,-22.6581,proxy,ftshare:stock-quotes-list+stock-prices:sample=80
11:05,其他通用机械,-22.7304,proxy,ftshare:stock-quotes-list+stock-prices:sample=80
11:06,其他通用机械,-22.2812,proxy,ftshare:stock-quotes-list+stock-prices:sample=80
11:07,其他通用机械,-22.1287,proxy,ftshare:stock-quotes-list+stock-prices:sample=80
11:08,其他通用机械,-22.2767,proxy,ftshare:stock-quotes-list+stock-prices:sample=80
11:09,其他通用机械,-22.7213,proxy,ftshare:stock-quotes-list+stock-prices:sample=80
11:10,其他通用机械,-23.1915,proxy,ftshare:stock-quotes-list+stock-prices:sample=80
11:11,其他通用机械,-23.874,proxy,ftshare:stock-quotes-list+stock-prices:sample=80
11:12,其他通用机械,-23.8427,proxy,ftshare:stock-quotes-list+stock-prices:sample=80
11:13,其他通用机械,-23.5852,proxy,ftshare:stock-quotes-list+stock-prices:sample=80
11:14,其他通用机械,-23.9293,proxy,ftshare:stock-quotes-list+stock-prices:sample=80
11:15,其他通用机械,-23.8921,proxy,ftshare:stock-quotes-list+stock-prices:sample=80
11:16,其他通用机械,-23.4135,proxy,ftshare:stock-quotes-list+stock-prices:sample=80
11:17,其他通用机械,-23.7678,proxy,ftshare:stock-quotes-list+stock-prices:sample=80
11:18,其他通用机械,-23.7722,proxy,ftshare:stock-quotes-list+stock-prices:sample=80
11:19,其他通用机械,-23.5435,proxy,ftshare:stock-quotes-list+stock-prices:sample=80
11:20,其他通用机械,-23.6941,proxy,ftshare:stock-quotes-list+stock-prices:sample=80
11:21,其他通用机械,-24.0485,proxy,ftshare:stock-quotes-list+stock-prices:sample=80
11:22,其他通用机械,-24.051,proxy,ftshare:stock-quotes-list+stock-prices:sample=80
11:23,其他通用机械,-24.4128,proxy,ftshare:stock-quotes-list+stock-prices:sample=80
11:24,其他通用机械,-24.6273,proxy,ftshare:stock-quotes-list+stock-prices:sample=80
11:25,其他通用机械,-24.6917,proxy,ftshare:stock-quotes-list+stock-prices:sample=80
11:26,其他通用机械,-24.9366,proxy,ftshare:stock-quotes-list+stock-prices:sample=80
11:27,其他通用机械,-24.5857,proxy,ftshare:stock-quotes-list+stock-prices:sample=80
11:28,其他通用机械,-24.4241,proxy,ftshare:stock-quotes-list+stock-prices:sample=80
11:29,其他通用机械,-24.8193,proxy,ftshare:stock-quotes-list+stock-prices:sample=80
11:30,其他通用机械,-25.0264,proxy,ftshare:stock-quotes-list+stock-prices:sample=80
13:01,其他通用机械,-25.0779,proxy,ftshare:stock-quotes-list+stock-prices:sample=80
13:02,其他通用机械,-24.9853,proxy,ftshare:stock-quotes-list+stock-prices:sample=80
13:03,其他通用机械,-25.5517,proxy,ftshare:stock-quotes-list+stock-prices:sample=80
13:04,其他通用机械,-26.0403,proxy,ftshare:stock-quotes-list+stock-prices:sample=80
13:05,其他通用机械,-27.4948,proxy,ftshare:stock-quotes-list+stock-prices:sample=80
13:06,其他通用机械,-27.0369,proxy,ftshare:stock-quotes-list+stock-prices:sample=80
13:07,其他通用机械,-27.5895,proxy,ftshare:stock-quotes-list+stock-prices:sample=80
13:08,其他通用机械,-27.461,proxy,ftshare:stock-quotes-list+stock-prices:sample=80
13:09,其他通用机械,-27.9822,proxy,ftshare:stock-quotes-list+stock-prices:sample=80
13:10,其他通用机械,-28.026,proxy,ftshare:stock-quotes-list+stock-prices:sample=80
13:11,其他通用机械,-28.3001,proxy,ftshare:stock-quotes-list+stock-prices:sample=80
13:12,其他通用机械,-28.5255,proxy,ftshare:stock-quotes-list+stock-prices:sample=80
13:13,其他通用机械,-28.9076,proxy,ftshare:stock-quotes-list+stock-prices:sample=80
13:14,其他通用机械,-28.4404,proxy,ftshare:stock-quotes-list+stock-prices:sample=80
13:15,其他通用机械,-27.8275,proxy,ftshare:stock-quotes-list+stock-prices:sample=80
13:16,其他通用机械,-27.3818,proxy,ftshare:stock-quotes-list+stock-prices:sample=80
13:17,其他通用机械,-27.4972,proxy,ftshare:stock-quotes-list+stock-prices:sample=80
13:18,其他通用机械,-27.3155,proxy,ftshare:stock-quotes-list+stock-prices:sample=80
13:19,其他通用机械,-27.6984,proxy,ftshare:stock-quotes-list+stock-prices:sample=80
13:20,其他通用机械,-28.0442,proxy,ftshare:stock-quotes-list+stock-prices:sample=80
13:21,其他通用机械,-28.5939,proxy,ftshare:stock-quotes-list+stock-prices:sample=80
13:22,其他通用机械,-28.964,proxy,ftshare:stock-quotes-list+stock-prices:sample=80
13:23,其他通用机械,-28.5949,proxy,ftshare:stock-quotes-list+stock-prices:sample=80
13:24,其他通用机械,-28.6142,proxy,ftshare:stock-quotes-list+stock-prices:sample=80
13:25,其他通用机械,-28.9265,proxy,ftshare:stock-quotes-list+stock-prices:sample=80
13:26,其他通用机械,-28.8337,proxy,ftshare:stock-quotes-list+stock-prices:sample=80
13:27,其他通用机械,-28.8045,proxy,ftshare:stock-quotes-list+stock-prices:sample=80
13:28,其他通用机械,-29.8778,proxy,ftshare:stock-quotes-list+stock-prices:sample=80
13:29,其他通用机械,-30.1634,proxy,ftshare:stock-quotes-list+stock-prices:sample=80
13:30,其他通用机械,-30.646,proxy,ftshare:stock-quotes-list+stock-prices:sample=80
13:31,其他通用机械,-30.5954,proxy,ftshare:stock-quotes-list+stock-prices:sample=80
13:32,其他通用机械,-30.6644,proxy,ftshare:stock-quotes-list+stock-prices:sample=80
13:33,其他通用机械,-30.4128,proxy,ftshare:stock-quotes-list+stock-prices:sample=80
13:34,其他通用机械,-30.1814,proxy,ftshare:stock-quotes-list+stock-prices:sample=80
13:35,其他通用机械,-30.4867,proxy,ftshare:stock-quotes-list+stock-prices:sample=80
13:36,其他通用机械,-30.6215,proxy,ftshare:stock-quotes-list+stock-prices:sample=80
13:37,其他通用机械,-30.9255,proxy,ftshare:stock-quotes-list+stock-prices:sample=80
13:38,其他通用机械,-31.5294,proxy,ftshare:stock-quotes-list+stock-prices:sample=80
13:39,其他通用机械,-31.2901,proxy,ftshare:stock-quotes-list+stock-prices:sample=80
13:40,其他通用机械,-30.9496,proxy,ftshare:stock-quotes-list+stock-prices:sample=80
13:41,其他通用机械,-30.6992,proxy,ftshare:stock-quotes-list+stock-prices:sample=80
13:42,其他通用机械,-30.4774,proxy,ftshare:stock-quotes-list+stock-prices:sample=80
13:43,其他通用机械,-30.4112,proxy,ftshare:stock-quotes-list+stock-prices:sample=80
13:44,其他通用机械,-30.4829,proxy,ftshare:stock-quotes-list+stock-prices:sample=80
13:45,其他通用机械,-30.5062,proxy,ftshare:stock-quotes-list+stock-prices:sample=80
13:46,其他通用机械,-30.216,proxy,ftshare:stock-quotes-list+stock-prices:sample=80
13:47,其他通用机械,-29.9778,proxy,ftshare:stock-quotes-list+stock-prices:sample=80
13:48,其他通用机械,-29.847,proxy,ftshare:stock-quotes-list+stock-prices:sample=80
13:49,其他通用机械,-29.7455,proxy,ftshare:stock-quotes-list+stock-prices:sample=80
13:50,其他通用机械,-29.2911,proxy,ftshare:stock-quotes-list+stock-prices:sample=80
13:51,其他通用机械,-29.4753,proxy,ftshare:stock-quotes-list+stock-prices:sample=80
13:52,其他通用机械,-29.8005,proxy,ftshare:stock-quotes-list+stock-prices:sample=80
13:53,其他通用机械,-30.0911,proxy,ftshare:stock-quotes-list+stock-prices:sample=80
13:54,其他通用机械,-30.2155,proxy,ftshare:stock-quotes-list+stock-prices:sample=80
13:55,其他通用机械,-30.0009,proxy,ftshare:stock-quotes-list+stock-prices:sample=80
13:56,其他通用机械,-30.122,proxy,ftshare:stock-quotes-list+stock-prices:sample=80
13:57,其他通用机械,-30.2032,proxy,ftshare:stock-quotes-list+stock-prices:sample=80
13:58,其他通用机械,-30.5822,proxy,ftshare:stock-quotes-list+stock-prices:sample=80
13:59,其他通用机械,-30.8169,proxy,ftshare:stock-quotes-list+stock-prices:sample=80
14:00,其他通用机械,-30.7107,proxy,ftshare:stock-quotes-list+stock-prices:sample=80
14:01,其他通用机械,-30.8504,proxy,ftshare:stock-quotes-list+stock-prices:sample=80
14:02,其他通用机械,-30.6154,proxy,ftshare:stock-quotes-list+stock-prices:sample=80
14:03,其他通用机械,-30.4877,proxy,ftshare:stock-quotes-list+stock-prices:sample=80
14:04,其他通用机械,-30.8649,proxy,ftshare:stock-quotes-list+stock-prices:sample=80
14:05,其他通用机械,-30.6424,proxy,ftshare:stock-quotes-list+stock-prices:sample=80
14:06,其他通用机械,-30.7713,proxy,ftshare:stock-quotes-list+stock-prices:sample=80
14:07,其他通用机械,-30.5093,proxy,ftshare:stock-quotes-list+stock-prices:sample=80
14:08,其他通用机械,-30.724,proxy,ftshare:stock-quotes-list+stock-prices:sample=80
14:09,其他通用机械,-30.183,proxy,ftshare:stock-quotes-list+stock-prices:sample=80
14:10,其他通用机械,-30.4267,proxy,ftshare:stock-quotes-list+stock-prices:sample=80
14:11,其他通用机械,-30.2955,proxy,ftshare:stock-quotes-list+stock-prices:sample=80
14:12,其他通用机械,-30.3917,proxy,ftshare:stock-quotes-list+stock-prices:sample=80
14:13,其他通用机械,-30.4462,proxy,ftshare:stock-quotes-list+stock-prices:sample=80
14:14,其他通用机械,-30.3023,proxy,ftshare:stock-quotes-list+stock-prices:sample=80
14:15,其他通用机械,-29.8411,proxy,ftshare:stock-quotes-list+stock-prices:sample=80
14:16,其他通用机械,-29.3909,proxy,ftshare:stock-quotes-list+stock-prices:sample=80
14:17,其他通用机械,-29.5222,proxy,ftshare:stock-quotes-list+stock-prices:sample=80
14:18,其他通用机械,-29.2682,proxy,ftshare:stock-quotes-list+stock-prices:sample=80
14:19,其他通用机械,-29.2798,proxy,ftshare:stock-quotes-list+stock-prices:sample=80
14:20,其他通用机械,-29.0058,proxy,ftshare:stock-quotes-list+stock-prices:sample=80
14:21,其他通用机械,-29.1281,proxy,ftshare:stock-quotes-list+stock-prices:sample=80
14:22,其他通用机械,-29.0415,proxy,ftshare:stock-quotes-list+stock-prices:sample=80
14:23,其他通用机械,-28.7743,proxy,ftshare:stock-quotes-list+stock-prices:sample=80
14:24,其他通用机械,-28.5862,proxy,ftshare:stock-quotes-list+stock-prices:sample=80
14:25,其他通用机械,-28.7003,proxy,ftshare:stock-quotes-list+stock-prices:sample=80
14:26,其他通用机械,-28.7744,proxy,ftshare:stock-quotes-list+stock-prices:sample=80
14:27,其他通用机械,-28.9823,proxy,ftshare:stock-quotes-list+stock-prices:sample=80
14:28,其他通用机械,-29.2426,proxy,ftshare:stock-quotes-list+stock-prices:sample=80
14:29,其他通用机械,-29.4385,proxy,ftshare:stock-quotes-list+stock-prices:sample=80
14:30,其他通用机械,-29.7434,proxy,ftshare:stock-quotes-list+stock-prices:sample=80
14:31,其他通用机械,-29.7607,proxy,ftshare:stock-quotes-list+stock-prices:sample=80
14:32,其他通用机械,-30.0051,proxy,ftshare:stock-quotes-list+stock-prices:sample=80
14:33,其他通用机械,-30.1049,proxy,ftshare:stock-quotes-list+stock-prices:sample=80
14:34,其他通用机械,-30.0616,proxy,ftshare:stock-quotes-list+stock-prices:sample=80
14:35,其他通用机械,-29.8074,proxy,ftshare:stock-quotes-list+stock-prices:sample=80
14:36,其他通用机械,-29.6519,proxy,ftshare:stock-quotes-list+stock-prices:sample=80
14:37,其他通用机械,-29.3906,proxy,ftshare:stock-quotes-list+stock-prices:sample=80
14:38,其他通用机械,-29.3107,proxy,ftshare:stock-quotes-list+stock-prices:sample=80
14:39,其他通用机械,-29.5054,proxy,ftshare:stock-quotes-list+stock-prices:sample=80
14:40,其他通用机械,-29.6385,proxy,ftshare:stock-quotes-list+stock-prices:sample=80
14:41,其他通用机械,-29.5853,proxy,ftshare:stock-quotes-list+stock-prices:sample=80
14:42,其他通用机械,-29.547,proxy,ftshare:stock-quotes-list+stock-prices:sample=80
14:43,其他通用机械,-29.5264,proxy,ftshare:stock-quotes-list+stock-prices:sample=80
14:44,其他通用机械,-29.7001,proxy,ftshare:stock-quotes-list+stock-prices:sample=80
14:45,其他通用机械,-29.7543,proxy,ftshare:stock-quotes-list+stock-prices:sample=80
14:46,其他通用机械,-30.0917,proxy,ftshare:stock-quotes-list+stock-prices:sample=80
14:47,其他通用机械,-30.072,proxy,ftshare:stock-quotes-list+stock-prices:sample=80
14:48,其他通用机械,-30.0224,proxy,ftshare:stock-quotes-list+stock-prices:sample=80
14:49,其他通用机械,-29.7059,proxy,ftshare:stock-quotes-list+stock-prices:sample=80
14:50,其他通用机械,-29.7458,proxy,ftshare:stock-quotes-list+stock-prices:sample=80
14:51,其他通用机械,-29.5339,proxy,ftshare:stock-quotes-list+stock-prices:sample=80
14:52,其他通用机械,-30.1074,proxy,ftshare:stock-quotes-list+stock-prices:sample=80
14:53,其他通用机械,-30.0602,proxy,ftshare:stock-quotes-list+stock-prices:sample=80
14:54,其他通用机械,-30.0483,proxy,ftshare:stock-quotes-list+stock-prices:sample=80
14:55,其他通用机械,-30.1111,proxy,ftshare:stock-quotes-list+stock-prices:sample=80
14:56,其他通用机械,-29.3751,proxy,ftshare:stock-quotes-list+stock-prices:sample=80
14:57,其他通用机械,-28.7288,proxy,ftshare:stock-quotes-list+stock-prices:sample=80
14:58,其他通用机械,-28.7218,proxy,ftshare:stock-quotes-list+stock-prices:sample=80
14:59,其他通用机械,-28.7218,proxy,ftshare:stock-quotes-list+stock-prices:sample=80
15:00,其他通用机械,-28.9547,proxy,ftshare:stock-quotes-list+stock-prices:sample=80
09:30,光电子器件,6.84,proxy,ftshare:stock-quotes-list+stock-prices:sample=80
09:31,光电子器件,16.1154,proxy,ftshare:stock-quotes-list+stock-prices:sample=80
09:32,光电子器件,20.1851,proxy,ftshare:stock-quotes-list+stock-prices:sample=80
09:33,光电子器件,31.1334,proxy,ftshare:stock-quotes-list+stock-prices:sample=80
09:34,光电子器件,26.3322,proxy,ftshare:stock-quotes-list+stock-prices:sample=80
09:35,光电子器件,18.8784,proxy,ftshare:stock-quotes-list+stock-prices:sample=80
09:36,光电子器件,20.2025,proxy,ftshare:stock-quotes-list+stock-prices:sample=80
09:37,光电子器件,25.73,proxy,ftshare:stock-quotes-list+stock-prices:sample=80
09:38,光电子器件,27.8731,proxy,ftshare:stock-quotes-list+stock-prices:sample=80
09:39,光电子器件,32.1218,proxy,ftshare:stock-quotes-list+stock-prices:sample=80
09:40,光电子器件,30.1193,proxy,ftshare:stock-quotes-list+stock-prices:sample=80
09:41,光电子器件,34.4594,proxy,ftshare:stock-quotes-list+stock-prices:sample=80
09:42,光电子器件,39.4066,proxy,ftshare:stock-quotes-list+stock-prices:sample=80
09:43,光电子器件,47.0862,proxy,ftshare:stock-quotes-list+stock-prices:sample=80
09:44,光电子器件,46.1862,proxy,ftshare:stock-quotes-list+stock-prices:sample=80
09:45,光电子器件,50.5855,proxy,ftshare:stock-quotes-list+stock-prices:sample=80
09:46,光电子器件,48.6869,proxy,ftshare:stock-quotes-list+stock-prices:sample=80
09:47,光电子器件,50.7539,proxy,ftshare:stock-quotes-list+stock-prices:sample=80
09:48,光电子器件,53.7136,proxy,ftshare:stock-quotes-list+stock-prices:sample=80
09:49,光电子器件,52.9371,proxy,ftshare:stock-quotes-list+stock-prices:sample=80
09:50,光电子器件,55.928,proxy,ftshare:stock-quotes-list+stock-prices:sample=80
09:51,光电子器件,53.3583,proxy,ftshare:stock-quotes-list+stock-prices:sample=80
09:52,光电子器件,52.1464,proxy,ftshare:stock-quotes-list+stock-prices:sample=80
09:53,光电子器件,50.0054,proxy,ftshare:stock-quotes-list+stock-prices:sample=80
09:54,光电子器件,50.9375,proxy,ftshare:stock-quotes-list+stock-prices:sample=80
09:55,光电子器件,53.3579,proxy,ftshare:stock-quotes-list+stock-prices:sample=80
09:56,光电子器件,55.0359,proxy,ftshare:stock-quotes-list+stock-prices:sample=80
09:57,光电子器件,58.8061,proxy,ftshare:stock-quotes-list+stock-prices:sample=80
09:58,光电子器件,59.5645,proxy,ftshare:stock-quotes-list+stock-prices:sample=80
09:59,光电子器件,58.4191,proxy,ftshare:stock-quotes-list+stock-prices:sample=80
10:00,光电子器件,57.7345,proxy,ftshare:stock-quotes-list+stock-prices:sample=80
10:01,光电子器件,54.8378,proxy,ftshare:stock-quotes-list+stock-prices:sample=80
10:02,光电子器件,57.2599,proxy,ftshare:stock-quotes-list+stock-prices:sample=80
10:03,光电子器件,55.8697,proxy,ftshare:stock-quotes-list+stock-prices:sample=80
10:04,光电子器件,56.2284,proxy,ftshare:stock-quotes-list+stock-prices:sample=80
10:05,光电子器件,54.7306,proxy,ftshare:stock-quotes-list+stock-prices:sample=80
10:06,光电子器件,54.7445,proxy,ftshare:stock-quotes-list+stock-prices:sample=80
10:07,光电子器件,51.8295,proxy,ftshare:stock-quotes-list+stock-prices:sample=80
10:08,光电子器件,50.7559,proxy,ftshare:stock-quotes-list+stock-prices:sample=80
10:09,光电子器件,47.9118,proxy,ftshare:stock-quotes-list+stock-prices:sample=80
10:10,光电子器件,44.0989,proxy,ftshare:stock-quotes-list+stock-prices:sample=80
10:11,光电子器件,47.1002,proxy,ftshare:stock-quotes-list+stock-prices:sample=80
10:12,光电子器件,45.159,proxy,ftshare:stock-quotes-list+stock-prices:sample=80
10:13,光电子器件,42.678,proxy,ftshare:stock-quotes-list+stock-prices:sample=80
10:14,光电子器件,38.8064,proxy,ftshare:stock-quotes-list+stock-prices:sample=80
10:15,光电子器件,41.8739,proxy,ftshare:stock-quotes-list+stock-prices:sample=80
10:16,光电子器件,37.6365,proxy,ftshare:stock-quotes-list+stock-prices:sample=80
10:17,光电子器件,39.5832,proxy,ftshare:stock-quotes-list+stock-prices:sample=80
10:18,光电子器件,41.6838,proxy,ftshare:stock-quotes-list+stock-prices:sample=80
10:19,光电子器件,43.3249,proxy,ftshare:stock-quotes-list+stock-prices:sample=80
10:20,光电子器件,42.0946,proxy,ftshare:stock-quotes-list+stock-prices:sample=80
10:21,光电子器件,41.25,proxy,ftshare:stock-quotes-list+stock-prices:sample=80
10:22,光电子器件,39.3235,proxy,ftshare:stock-quotes-list+stock-prices:sample=80
10:23,光电子器件,39.2112,proxy,ftshare:stock-quotes-list+stock-prices:sample=80
10:24,光电子器件,38.5188,proxy,ftshare:stock-quotes-list+stock-prices:sample=80
10:25,光电子器件,39.6165,proxy,ftshare:stock-quotes-list+stock-prices:sample=80
10:26,光电子器件,38.1126,proxy,ftshare:stock-quotes-list+stock-prices:sample=80
10:27,光电子器件,36.478,proxy,ftshare:stock-quotes-list+stock-prices:sample=80
10:28,光电子器件,33.0317,proxy,ftshare:stock-quotes-list+stock-prices:sample=80
10:29,光电子器件,30.3725,proxy,ftshare:stock-quotes-list+stock-prices:sample=80
10:30,光电子器件,28.0791,proxy,ftshare:stock-quotes-list+stock-prices:sample=80
10:31,光电子器件,30.6339,proxy,ftshare:stock-quotes-list+stock-prices:sample=80
10:32,光电子器件,30.3666,proxy,ftshare:stock-quotes-list+stock-prices:sample=80
10:33,光电子器件,27.9447,proxy,ftshare:stock-quotes-list+stock-prices:sample=80
10:34,光电子器件,28.9608,proxy,ftshare:stock-quotes-list+stock-prices:sample=80
10:35,光电子器件,30.5225,proxy,ftshare:stock-quotes-list+stock-prices:sample=80
10:36,光电子器件,31.9206,proxy,ftshare:stock-quotes-list+stock-prices:sample=80
10:37,光电子器件,31.7845,proxy,ftshare:stock-quotes-list+stock-prices:sample=80
10:38,光电子器件,30.9705,proxy,ftshare:stock-quotes-list+stock-prices:sample=80
10:39,光电子器件,31.8114,proxy,ftshare:stock-quotes-list+stock-prices:sample=80
10:40,光电子器件,30.7993,proxy,ftshare:stock-quotes-list+stock-prices:sample=80
10:41,光电子器件,31.378,proxy,ftshare:stock-quotes-list+stock-prices:sample=80
10:42,光电子器件,31.378,proxy,ftshare:stock-quotes-list+stock-prices:sample=80
10:43,光电子器件,31.9474,proxy,ftshare:stock-quotes-list+stock-prices:sample=80
10:44,光电子器件,31.1024,proxy,ftshare:stock-quotes-list+stock-prices:sample=80
10:45,光电子器件,30.248,proxy,ftshare:stock-quotes-list+stock-prices:sample=80
10:46,光电子器件,29.4649,proxy,ftshare:stock-quotes-list+stock-prices:sample=80
10:47,光电子器件,28.3067,proxy,ftshare:stock-quotes-list+stock-prices:sample=80
10:48,光电子器件,26.7563,proxy,ftshare:stock-quotes-list+stock-prices:sample=80
10:49,光电子器件,26.6817,proxy,ftshare:stock-quotes-list+stock-prices:sample=80
10:50,光电子器件,27.058,proxy,ftshare:stock-quotes-list+stock-prices:sample=80
10:51,光电子器件,27.8764,proxy,ftshare:stock-quotes-list+stock-prices:sample=80
10:52,光电子器件,27.1013,proxy,ftshare:stock-quotes-list+stock-prices:sample=80
10:53,光电子器件,27.2451,proxy,ftshare:stock-quotes-list+stock-prices:sample=80
10:54,光电子器件,24.9899,proxy,ftshare:stock-quotes-list+stock-prices:sample=80
10:55,光电子器件,23.202,proxy,ftshare:stock-quotes-list+stock-prices:sample=80
10:56,光电子器件,21.7207,proxy,ftshare:stock-quotes-list+stock-prices:sample=80
10:57,光电子器件,22.9328,proxy,ftshare:stock-quotes-list+stock-prices:sample=80
10:58,光电子器件,23.2613,proxy,ftshare:stock-quotes-list+stock-prices:sample=80
10:59,光电子器件,24.2334,proxy,ftshare:stock-quotes-list+stock-prices:sample=80
11:00,光电子器件,24.4705,proxy,ftshare:stock-quotes-list+stock-prices:sample=80
11:01,光电子器件,24.8868,proxy,ftshare:stock-quotes-list+stock-prices:sample=80
11:02,光电子器件,24.6579,proxy,ftshare:stock-quotes-list+stock-prices:sample=80
11:03,光电子器件,24.9409,proxy,ftshare:stock-quotes-list+stock-prices:sample=80
11:04,光电子器件,24.3193,proxy,ftshare:stock-quotes-list+stock-prices:sample=80
11:05,光电子器件,24.2212,proxy,ftshare:stock-quotes-list+stock-prices:sample=80
11:06,光电子器件,24.3077,proxy,ftshare:stock-quotes-list+stock-prices:sample=80
11:07,光电子器件,23.3676,proxy,ftshare:stock-quotes-list+stock-prices:sample=80
11:08,光电子器件,23.3055,proxy,ftshare:stock-quotes-list+stock-prices:sample=80
11:09,光电子器件,22.551,proxy,ftshare:stock-quotes-list+stock-prices:sample=80
11:10,光电子器件,21.8729,proxy,ftshare:stock-quotes-list+stock-prices:sample=80
11:11,光电子器件,21.5483,proxy,ftshare:stock-quotes-list+stock-prices:sample=80
11:12,光电子器件,21.4584,proxy,ftshare:stock-quotes-list+stock-prices:sample=80
11:13,光电子器件,22.1623,proxy,ftshare:stock-quotes-list+stock-prices:sample=80
11:14,光电子器件,21.5331,proxy,ftshare:stock-quotes-list+stock-prices:sample=80
11:15,光电子器件,21.7226,proxy,ftshare:stock-quotes-list+stock-prices:sample=80
11:16,光电子器件,22.3568,proxy,ftshare:stock-quotes-list+stock-prices:sample=80
11:17,光电子器件,22.9126,proxy,ftshare:stock-quotes-list+stock-prices:sample=80
11:18,光电子器件,22.4155,proxy,ftshare:stock-quotes-list+stock-prices:sample=80
11:19,光电子器件,22.2732,proxy,ftshare:stock-quotes-list+stock-prices:sample=80
11:20,光电子器件,22.173,proxy,ftshare:stock-quotes-list+stock-prices:sample=80
11:21,光电子器件,21.5927,proxy,ftshare:stock-quotes-list+stock-prices:sample=80
11:22,光电子器件,21.9521,proxy,ftshare:stock-quotes-list+stock-prices:sample=80
11:23,光电子器件,21.6943,proxy,ftshare:stock-quotes-list+stock-prices:sample=80
11:24,光电子器件,22.0144,proxy,ftshare:stock-quotes-list+stock-prices:sample=80
11:25,光电子器件,22.6446,proxy,ftshare:stock-quotes-list+stock-prices:sample=80
11:26,光电子器件,23.4068,proxy,ftshare:stock-quotes-list+stock-prices:sample=80
11:27,光电子器件,23.8334,proxy,ftshare:stock-quotes-list+stock-prices:sample=80
11:28,光电子器件,24.8813,proxy,ftshare:stock-quotes-list+stock-prices:sample=80
11:29,光电子器件,24.2396,proxy,ftshare:stock-quotes-list+stock-prices:sample=80
11:30,光电子器件,24.7127,proxy,ftshare:stock-quotes-list+stock-prices:sample=80
13:01,光电子器件,22.9935,proxy,ftshare:stock-quotes-list+stock-prices:sample=80
13:02,光电子器件,24.1774,proxy,ftshare:stock-quotes-list+stock-prices:sample=80
13:03,光电子器件,24.1552,proxy,ftshare:stock-quotes-list+stock-prices:sample=80
13:04,光电子器件,23.0005,proxy,ftshare:stock-quotes-list+stock-prices:sample=80
13:05,光电子器件,22.4699,proxy,ftshare:stock-quotes-list+stock-prices:sample=80
13:06,光电子器件,22.7396,proxy,ftshare:stock-quotes-list+stock-prices:sample=80
13:07,光电子器件,21.8708,proxy,ftshare:stock-quotes-list+stock-prices:sample=80
13:08,光电子器件,22.0218,proxy,ftshare:stock-quotes-list+stock-prices:sample=80
13:09,光电子器件,22.167,proxy,ftshare:stock-quotes-list+stock-prices:sample=80
13:10,光电子器件,21.8164,proxy,ftshare:stock-quotes-list+stock-prices:sample=80
13:11,光电子器件,22.0315,proxy,ftshare:stock-quotes-list+stock-prices:sample=80
13:12,光电子器件,22.0999,proxy,ftshare:stock-quotes-list+stock-prices:sample=80
13:13,光电子器件,22.8444,proxy,ftshare:stock-quotes-list+stock-prices:sample=80
13:14,光电子器件,23.656,proxy,ftshare:stock-quotes-list+stock-prices:sample=80
13:15,光电子器件,24.3868,proxy,ftshare:stock-quotes-list+stock-prices:sample=80
13:16,光电子器件,25.5892,proxy,ftshare:stock-quotes-list+stock-prices:sample=80
13:17,光电子器件,24.8743,proxy,ftshare:stock-quotes-list+stock-prices:sample=80
13:18,光电子器件,25.8793,proxy,ftshare:stock-quotes-list+stock-prices:sample=80
13:19,光电子器件,25.7862,proxy,ftshare:stock-quotes-list+stock-prices:sample=80
13:20,光电子器件,25.9531,proxy,ftshare:stock-quotes-list+stock-prices:sample=80
13:21,光电子器件,25.1793,proxy,ftshare:stock-quotes-list+stock-prices:sample=80
13:22,光电子器件,25.7288,proxy,ftshare:stock-quotes-list+stock-prices:sample=80
13:23,光电子器件,25.2319,proxy,ftshare:stock-quotes-list+stock-prices:sample=80
13:24,光电子器件,25.3489,proxy,ftshare:stock-quotes-list+stock-prices:sample=80
13:25,光电子器件,24.8716,proxy,ftshare:stock-quotes-list+stock-prices:sample=80
13:26,光电子器件,24.8606,proxy,ftshare:stock-quotes-list+stock-prices:sample=80
13:27,光电子器件,25.0807,proxy,ftshare:stock-quotes-list+stock-prices:sample=80
13:28,光电子器件,24.2933,proxy,ftshare:stock-quotes-list+stock-prices:sample=80
13:29,光电子器件,23.7308,proxy,ftshare:stock-quotes-list+stock-prices:sample=80
13:30,光电子器件,24.6394,proxy,ftshare:stock-quotes-list+stock-prices:sample=80
13:31,光电子器件,24.1017,proxy,ftshare:stock-quotes-list+stock-prices:sample=80
13:32,光电子器件,23.9138,proxy,ftshare:stock-quotes-list+stock-prices:sample=80
13:33,光电子器件,23.8556,proxy,ftshare:stock-quotes-list+stock-prices:sample=80
13:34,光电子器件,23.4302,proxy,ftshare:stock-quotes-list+stock-prices:sample=80
13:35,光电子器件,23.5649,proxy,ftshare:stock-quotes-list+stock-prices:sample=80
13:36,光电子器件,24.0876,proxy,ftshare:stock-quotes-list+stock-prices:sample=80
13:37,光电子器件,24.0646,proxy,ftshare:stock-quotes-list+stock-prices:sample=80
13:38,光电子器件,24.6291,proxy,ftshare:stock-quotes-list+stock-prices:sample=80
13:39,光电子器件,24.7829,proxy,ftshare:stock-quotes-list+stock-prices:sample=80
13:40,光电子器件,25.4639,proxy,ftshare:stock-quotes-list+stock-prices:sample=80
13:41,光电子器件,25.5281,proxy,ftshare:stock-quotes-list+stock-prices:sample=80
13:42,光电子器件,25.7198,proxy,ftshare:stock-quotes-list+stock-prices:sample=80
13:43,光电子器件,25.9052,proxy,ftshare:stock-quotes-list+stock-prices:sample=80
13:44,光电子器件,26.22,proxy,ftshare:stock-quotes-list+stock-prices:sample=80
13:45,光电子器件,26.1765,proxy,ftshare:stock-quotes-list+stock-prices:sample=80
13:46,光电子器件,26.8085,proxy,ftshare:stock-quotes-list+stock-prices:sample=80
13:47,光电子器件,25.9107,proxy,ftshare:stock-quotes-list+stock-prices:sample=80
13:48,光电子器件,26.3167,proxy,ftshare:stock-quotes-list+stock-prices:sample=80
13:49,光电子器件,26.7172,proxy,ftshare:stock-quotes-list+stock-prices:sample=80
13:50,光电子器件,27.0536,proxy,ftshare:stock-quotes-list+stock-prices:sample=80
13:51,光电子器件,26.8903,proxy,ftshare:stock-quotes-list+stock-prices:sample=80
13:52,光电子器件,27.4581,proxy,ftshare:stock-quotes-list+stock-prices:sample=80
13:53,光电子器件,26.7813,proxy,ftshare:stock-quotes-list+stock-prices:sample=80
13:54,光电子器件,26.1615,proxy,ftshare:stock-quotes-list+stock-prices:sample=80
13:55,光电子器件,26.1761,proxy,ftshare:stock-quotes-list+stock-prices:sample=80
13:56,光电子器件,25.9898,proxy,ftshare:stock-quotes-list+stock-prices:sample=80
13:57,光电子器件,25.8994,proxy,ftshare:stock-quotes-list+stock-prices:sample=80
13:58,光电子器件,26.1646,proxy,ftshare:stock-quotes-list+stock-prices:sample=80
13:59,光电子器件,25.7192,proxy,ftshare:stock-quotes-list+stock-prices:sample=80
14:00,光电子器件,26.1592,proxy,ftshare:stock-quotes-list+stock-prices:sample=80
14:01,光电子器件,26.438,proxy,ftshare:stock-quotes-list+stock-prices:sample=80
14:02,光电子器件,26.0122,proxy,ftshare:stock-quotes-list+stock-prices:sample=80
14:03,光电子器件,26.6426,proxy,ftshare:stock-quotes-list+stock-prices:sample=80
14:04,光电子器件,26.5467,proxy,ftshare:stock-quotes-list+stock-prices:sample=80
14:05,光电子器件,26.2891,proxy,ftshare:stock-quotes-list+stock-prices:sample=80
14:06,光电子器件,25.0565,proxy,ftshare:stock-quotes-list+stock-prices:sample=80
14:07,光电子器件,24.9584,proxy,ftshare:stock-quotes-list+stock-prices:sample=80
14:08,光电子器件,25.0314,proxy,ftshare:stock-quotes-list+stock-prices:sample=80
14:09,光电子器件,25.2539,proxy,ftshare:stock-quotes-list+stock-prices:sample=80
14:10,光电子器件,25.3536,proxy,ftshare:stock-quotes-list+stock-prices:sample=80
14:11,光电子器件,25.6323,proxy,ftshare:stock-quotes-list+stock-prices:sample=80
14:12,光电子器件,25.5406,proxy,ftshare:stock-quotes-list+stock-prices:sample=80
14:13,光电子器件,26.6083,proxy,ftshare:stock-quotes-list+stock-prices:sample=80
14:14,光电子器件,26.4449,proxy,ftshare:stock-quotes-list+stock-prices:sample=80
14:15,光电子器件,27.0638,proxy,ftshare:stock-quotes-list+stock-prices:sample=80
14:16,光电子器件,27.1266,proxy,ftshare:stock-quotes-list+stock-prices:sample=80
14:17,光电子器件,27.1395,proxy,ftshare:stock-quotes-list+stock-prices:sample=80
14:18,光电子器件,27.2273,proxy,ftshare:stock-quotes-list+stock-prices:sample=80
14:19,光电子器件,27.3183,proxy,ftshare:stock-quotes-list+stock-prices:sample=80
14:20,光电子器件,27.4324,proxy,ftshare:stock-quotes-list+stock-prices:sample=80
14:21,光电子器件,27.5828,proxy,ftshare:stock-quotes-list+stock-prices:sample=80
14:22,光电子器件,27.0666,proxy,ftshare:stock-quotes-list+stock-prices:sample=80
14:23,光电子器件,27.4347,proxy,ftshare:stock-quotes-list+stock-prices:sample=80
14:24,光电子器件,27.2972,proxy,ftshare:stock-quotes-list+stock-prices:sample=80
14:25,光电子器件,27.0291,proxy,ftshare:stock-quotes-list+stock-prices:sample=80
14:26,光电子器件,27.6008,proxy,ftshare:stock-quotes-list+stock-prices:sample=80
14:27,光电子器件,27.8958,proxy,ftshare:stock-quotes-list+stock-prices:sample=80
14:28,光电子器件,27.8983,proxy,ftshare:stock-quotes-list+stock-prices:sample=80
14:29,光电子器件,28.7445,proxy,ftshare:stock-quotes-list+stock-prices:sample=80
14:30,光电子器件,28.7195,proxy,ftshare:stock-quotes-list+stock-prices:sample=80
14:31,光电子器件,27.7645,proxy,ftshare:stock-quotes-list+stock-prices:sample=80
14:32,光电子器件,28.0933,proxy,ftshare:stock-quotes-list+stock-prices:sample=80
14:33,光电子器件,28.0847,proxy,ftshare:stock-quotes-list+stock-prices:sample=80
14:34,光电子器件,28.1959,proxy,ftshare:stock-quotes-list+stock-prices:sample=80
14:35,光电子器件,28.3104,proxy,ftshare:stock-quotes-list+stock-prices:sample=80
14:36,光电子器件,28.3853,proxy,ftshare:stock-quotes-list+stock-prices:sample=80
14:37,光电子器件,28.3022,proxy,ftshare:stock-quotes-list+stock-prices:sample=80
14:38,光电子器件,28.8841,proxy,ftshare:stock-quotes-list+stock-prices:sample=80
14:39,光电子器件,28.5293,proxy,ftshare:stock-quotes-list+stock-prices:sample=80
14:40,光电子器件,28.5293,proxy,ftshare:stock-quotes-list+stock-prices:sample=80
14:41,光电子器件,29.2564,proxy,ftshare:stock-quotes-list+stock-prices:sample=80
14:42,光电子器件,29.5715,proxy,ftshare:stock-quotes-list+stock-prices:sample=80
14:43,光电子器件,30.0334,proxy,ftshare:stock-quotes-list+stock-prices:sample=80
14:44,光电子器件,29.7474,proxy,ftshare:stock-quotes-list+stock-prices:sample=80
14:45,光电子器件,28.8982,proxy,ftshare:stock-quotes-list+stock-prices:sample=80
14:46,光电子器件,28.2367,proxy,ftshare:stock-quotes-list+stock-prices:sample=80
14:47,光电子器件,26.2227,proxy,ftshare:stock-quotes-list+stock-prices:sample=80
14:48,光电子器件,27.1709,proxy,ftshare:stock-quotes-list+stock-prices:sample=80
14:49,光电子器件,28.6534,proxy,ftshare:stock-quotes-list+stock-prices:sample=80
14:50,光电子器件,27.9105,proxy,ftshare:stock-quotes-list+stock-prices:sample=80
14:51,光电子器件,28.1221,proxy,ftshare:stock-quotes-list+stock-prices:sample=80
14:52,光电子器件,28.8517,proxy,ftshare:stock-quotes-list+stock-prices:sample=80
14:53,光电子器件,30.2727,proxy,ftshare:stock-quotes-list+stock-prices:sample=80
14:54,光电子器件,30.0493,proxy,ftshare:stock-quotes-list+stock-prices:sample=80
14:55,光电子器件,30.0531,proxy,ftshare:stock-quotes-list+stock-prices:sample=80
14:56,光电子器件,27.784,proxy,ftshare:stock-quotes-list+stock-prices:sample=80
14:57,光电子器件,27.3681,proxy,ftshare:stock-quotes-list+stock-prices:sample=80
14:58,光电子器件,27.3851,proxy,ftshare:stock-quotes-list+stock-prices:sample=80
14:59,光电子器件,27.3851,proxy,ftshare:stock-quotes-list+stock-prices:sample=80
15:00,光电子器件,26.6386,proxy,ftshare:stock-quotes-list+stock-prices:sample=80
09:30,电脑存储与外围设备,2.1129,proxy,ftshare:stock-quotes-list+stock-prices:sample=80
09:31,电脑存储与外围设备,1.7936,proxy,ftshare:stock-quotes-list+stock-prices:sample=80
09:32,电脑存储与外围设备,6.5543,proxy,ftshare:stock-quotes-list+stock-prices:sample=80
09:33,电脑存储与外围设备,7.3209,proxy,ftshare:stock-quotes-list+stock-prices:sample=80
09:34,电脑存储与外围设备,6.1429,proxy,ftshare:stock-quotes-list+stock-prices:sample=80
09:35,电脑存储与外围设备,5.7573,proxy,ftshare:stock-quotes-list+stock-prices:sample=80
09:36,电脑存储与外围设备,5.5609,proxy,ftshare:stock-quotes-list+stock-prices:sample=80
09:37,电脑存储与外围设备,7.8532,proxy,ftshare:stock-quotes-list+stock-prices:sample=80
09:38,电脑存储与外围设备,7.8099,proxy,ftshare:stock-quotes-list+stock-prices:sample=80
09:39,电脑存储与外围设备,9.0466,proxy,ftshare:stock-quotes-list+stock-prices:sample=80
09:40,电脑存储与外围设备,7.7414,proxy,ftshare:stock-quotes-list+stock-prices:sample=80
09:41,电脑存储与外围设备,10.7374,proxy,ftshare:stock-quotes-list+stock-prices:sample=80
09:42,电脑存储与外围设备,12.0143,proxy,ftshare:stock-quotes-list+stock-prices:sample=80
09:43,电脑存储与外围设备,11.4287,proxy,ftshare:stock-quotes-list+stock-prices:sample=80
09:44,电脑存储与外围设备,13.2433,proxy,ftshare:stock-quotes-list+stock-prices:sample=80
09:45,电脑存储与外围设备,14.8816,proxy,ftshare:stock-quotes-list+stock-prices:sample=80
09:46,电脑存储与外围设备,14.4549,proxy,ftshare:stock-quotes-list+stock-prices:sample=80
09:47,电脑存储与外围设备,15.0206,proxy,ftshare:stock-quotes-list+stock-prices:sample=80
09:48,电脑存储与外围设备,14.705,proxy,ftshare:stock-quotes-list+stock-prices:sample=80
09:49,电脑存储与外围设备,16.052,proxy,ftshare:stock-quotes-list+stock-prices:sample=80
09:50,电脑存储与外围设备,17.7731,proxy,ftshare:stock-quotes-list+stock-prices:sample=80
09:51,电脑存储与外围设备,17.8507,proxy,ftshare:stock-quotes-list+stock-prices:sample=80
09:52,电脑存储与外围设备,19.6434,proxy,ftshare:stock-quotes-list+stock-prices:sample=80
09:53,电脑存储与外围设备,19.9323,proxy,ftshare:stock-quotes-list+stock-prices:sample=80
09:54,电脑存储与外围设备,20.8787,proxy,ftshare:stock-quotes-list+stock-prices:sample=80
09:55,电脑存储与外围设备,19.0398,proxy,ftshare:stock-quotes-list+stock-prices:sample=80
09:56,电脑存储与外围设备,17.6942,proxy,ftshare:stock-quotes-list+stock-prices:sample=80
09:57,电脑存储与外围设备,17.3777,proxy,ftshare:stock-quotes-list+stock-prices:sample=80
09:58,电脑存储与外围设备,17.6848,proxy,ftshare:stock-quotes-list+stock-prices:sample=80
09:59,电脑存储与外围设备,16.6377,proxy,ftshare:stock-quotes-list+stock-prices:sample=80
10:00,电脑存储与外围设备,15.6688,proxy,ftshare:stock-quotes-list+stock-prices:sample=80
10:01,电脑存储与外围设备,14.0921,proxy,ftshare:stock-quotes-list+stock-prices:sample=80
10:02,电脑存储与外围设备,15.6944,proxy,ftshare:stock-quotes-list+stock-prices:sample=80
10:03,电脑存储与外围设备,16.9235,proxy,ftshare:stock-quotes-list+stock-prices:sample=80
10:04,电脑存储与外围设备,16.0216,proxy,ftshare:stock-quotes-list+stock-prices:sample=80
10:05,电脑存储与外围设备,15.2992,proxy,ftshare:stock-quotes-list+stock-prices:sample=80
10:06,电脑存储与外围设备,13.9399,proxy,ftshare:stock-quotes-list+stock-prices:sample=80
10:07,电脑存储与外围设备,13.9788,proxy,ftshare:stock-quotes-list+stock-prices:sample=80
10:08,电脑存储与外围设备,12.3339,proxy,ftshare:stock-quotes-list+stock-prices:sample=80
10:09,电脑存储与外围设备,10.6337,proxy,ftshare:stock-quotes-list+stock-prices:sample=80
10:10,电脑存储与外围设备,10.4282,proxy,ftshare:stock-quotes-list+stock-prices:sample=80
10:11,电脑存储与外围设备,10.0728,proxy,ftshare:stock-quotes-list+stock-prices:sample=80
10:12,电脑存储与外围设备,11.2732,proxy,ftshare:stock-quotes-list+stock-prices:sample=80
10:13,电脑存储与外围设备,11.1887,proxy,ftshare:stock-quotes-list+stock-prices:sample=80
10:14,电脑存储与外围设备,11.0396,proxy,ftshare:stock-quotes-list+stock-prices:sample=80
10:15,电脑存储与外围设备,12.0155,proxy,ftshare:stock-quotes-list+stock-prices:sample=80
10:16,电脑存储与外围设备,11.9889,proxy,ftshare:stock-quotes-list+stock-prices:sample=80
10:17,电脑存储与外围设备,11.0894,proxy,ftshare:stock-quotes-list+stock-prices:sample=80
10:18,电脑存储与外围设备,10.9895,proxy,ftshare:stock-quotes-list+stock-prices:sample=80
10:19,电脑存储与外围设备,11.6028,proxy,ftshare:stock-quotes-list+stock-prices:sample=80
10:20,电脑存储与外围设备,12.2855,proxy,ftshare:stock-quotes-list+stock-prices:sample=80
10:21,电脑存储与外围设备,11.9935,proxy,ftshare:stock-quotes-list+stock-prices:sample=80
10:22,电脑存储与外围设备,12.8777,proxy,ftshare:stock-quotes-list+stock-prices:sample=80
10:23,电脑存储与外围设备,13.671,proxy,ftshare:stock-quotes-list+stock-prices:sample=80
10:24,电脑存储与外围设备,13.6819,proxy,ftshare:stock-quotes-list+stock-prices:sample=80
10:25,电脑存储与外围设备,13.1799,proxy,ftshare:stock-quotes-list+stock-prices:sample=80
10:26,电脑存储与外围设备,12.5318,proxy,ftshare:stock-quotes-list+stock-prices:sample=80
10:27,电脑存储与外围设备,12.3662,proxy,ftshare:stock-quotes-list+stock-prices:sample=80
10:28,电脑存储与外围设备,11.6391,proxy,ftshare:stock-quotes-list+stock-prices:sample=80
10:29,电脑存储与外围设备,10.7209,proxy,ftshare:stock-quotes-list+stock-prices:sample=80
10:30,电脑存储与外围设备,9.5354,proxy,ftshare:stock-quotes-list+stock-prices:sample=80
10:31,电脑存储与外围设备,8.4679,proxy,ftshare:stock-quotes-list+stock-prices:sample=80
10:32,电脑存储与外围设备,9.7407,proxy,ftshare:stock-quotes-list+stock-prices:sample=80
10:33,电脑存储与外围设备,10.7074,proxy,ftshare:stock-quotes-list+stock-prices:sample=80
10:34,电脑存储与外围设备,9.6678,proxy,ftshare:stock-quotes-list+stock-prices:sample=80
10:35,电脑存储与外围设备,8.4733,proxy,ftshare:stock-quotes-list+stock-prices:sample=80
10:36,电脑存储与外围设备,9.7013,proxy,ftshare:stock-quotes-list+stock-prices:sample=80
10:37,电脑存储与外围设备,10.4287,proxy,ftshare:stock-quotes-list+stock-prices:sample=80
10:38,电脑存储与外围设备,11.0708,proxy,ftshare:stock-quotes-list+stock-prices:sample=80
10:39,电脑存储与外围设备,11.3085,proxy,ftshare:stock-quotes-list+stock-prices:sample=80
10:40,电脑存储与外围设备,10.9584,proxy,ftshare:stock-quotes-list+stock-prices:sample=80
10:41,电脑存储与外围设备,10.3166,proxy,ftshare:stock-quotes-list+stock-prices:sample=80
10:42,电脑存储与外围设备,9.8524,proxy,ftshare:stock-quotes-list+stock-prices:sample=80
10:43,电脑存储与外围设备,10.5251,proxy,ftshare:stock-quotes-list+stock-prices:sample=80
10:44,电脑存储与外围设备,11.2027,proxy,ftshare:stock-quotes-list+stock-prices:sample=80
10:45,电脑存储与外围设备,11.5286,proxy,ftshare:stock-quotes-list+stock-prices:sample=80
10:46,电脑存储与外围设备,10.942,proxy,ftshare:stock-quotes-list+stock-prices:sample=80
10:47,电脑存储与外围设备,10.3688,proxy,ftshare:stock-quotes-list+stock-prices:sample=80
10:48,电脑存储与外围设备,9.8677,proxy,ftshare:stock-quotes-list+stock-prices:sample=80
10:49,电脑存储与外围设备,9.3317,proxy,ftshare:stock-quotes-list+stock-prices:sample=80
10:50,电脑存储与外围设备,8.0753,proxy,ftshare:stock-quotes-list+stock-prices:sample=80
10:51,电脑存储与外围设备,8.5591,proxy,ftshare:stock-quotes-list+stock-prices:sample=80
10:52,电脑存储与外围设备,8.4641,proxy,ftshare:stock-quotes-list+stock-prices:sample=80
10:53,电脑存储与外围设备,9.032,proxy,ftshare:stock-quotes-list+stock-prices:sample=80
10:54,电脑存储与外围设备,8.2468,proxy,ftshare:stock-quotes-list+stock-prices:sample=80
10:55,电脑存储与外围设备,6.8836,proxy,ftshare:stock-quotes-list+stock-prices:sample=80
10:56,电脑存储与外围设备,5.8911,proxy,ftshare:stock-quotes-list+stock-prices:sample=80
10:57,电脑存储与外围设备,7.4435,proxy,ftshare:stock-quotes-list+stock-prices:sample=80
10:58,电脑存储与外围设备,8.0229,proxy,ftshare:stock-quotes-list+stock-prices:sample=80
10:59,电脑存储与外围设备,8.547,proxy,ftshare:stock-quotes-list+stock-prices:sample=80
11:00,电脑存储与外围设备,8.5222,proxy,ftshare:stock-quotes-list+stock-prices:sample=80
11:01,电脑存储与外围设备,8.482,proxy,ftshare:stock-quotes-list+stock-prices:sample=80
11:02,电脑存储与外围设备,8.8879,proxy,ftshare:stock-quotes-list+stock-prices:sample=80
11:03,电脑存储与外围设备,8.7422,proxy,ftshare:stock-quotes-list+stock-prices:sample=80
11:04,电脑存储与外围设备,8.6351,proxy,ftshare:stock-quotes-list+stock-prices:sample=80
11:05,电脑存储与外围设备,8.6638,proxy,ftshare:stock-quotes-list+stock-prices:sample=80
11:06,电脑存储与外围设备,8.445,proxy,ftshare:stock-quotes-list+stock-prices:sample=80
11:07,电脑存储与外围设备,8.4535,proxy,ftshare:stock-quotes-list+stock-prices:sample=80
11:08,电脑存储与外围设备,8.1362,proxy,ftshare:stock-quotes-list+stock-prices:sample=80
11:09,电脑存储与外围设备,7.7187,proxy,ftshare:stock-quotes-list+stock-prices:sample=80
11:10,电脑存储与外围设备,7.3178,proxy,ftshare:stock-quotes-list+stock-prices:sample=80
11:11,电脑存储与外围设备,6.6712,proxy,ftshare:stock-quotes-list+stock-prices:sample=80
11:12,电脑存储与外围设备,6.5001,proxy,ftshare:stock-quotes-list+stock-prices:sample=80
11:13,电脑存储与外围设备,6.9666,proxy,ftshare:stock-quotes-list+stock-prices:sample=80
11:14,电脑存储与外围设备,6.7867,proxy,ftshare:stock-quotes-list+stock-prices:sample=80
11:15,电脑存储与外围设备,6.9546,proxy,ftshare:stock-quotes-list+stock-prices:sample=80
11:16,电脑存储与外围设备,7.2629,proxy,ftshare:stock-quotes-list+stock-prices:sample=80
11:17,电脑存储与外围设备,7.1225,proxy,ftshare:stock-quotes-list+stock-prices:sample=80
11:18,电脑存储与外围设备,6.7892,proxy,ftshare:stock-quotes-list+stock-prices:sample=80
11:19,电脑存储与外围设备,6.8569,proxy,ftshare:stock-quotes-list+stock-prices:sample=80
11:20,电脑存储与外围设备,6.8042,proxy,ftshare:stock-quotes-list+stock-prices:sample=80
11:21,电脑存储与外围设备,6.4858,proxy,ftshare:stock-quotes-list+stock-prices:sample=80
11:22,电脑存储与外围设备,6.4487,proxy,ftshare:stock-quotes-list+stock-prices:sample=80
11:23,电脑存储与外围设备,6.2014,proxy,ftshare:stock-quotes-list+stock-prices:sample=80
11:24,电脑存储与外围设备,6.21,proxy,ftshare:stock-quotes-list+stock-prices:sample=80
11:25,电脑存储与外围设备,6.5333,proxy,ftshare:stock-quotes-list+stock-prices:sample=80
11:26,电脑存储与外围设备,6.8639,proxy,ftshare:stock-quotes-list+stock-prices:sample=80
11:27,电脑存储与外围设备,7.1847,proxy,ftshare:stock-quotes-list+stock-prices:sample=80
11:28,电脑存储与外围设备,6.7784,proxy,ftshare:stock-quotes-list+stock-prices:sample=80
11:29,电脑存储与外围设备,7.1375,proxy,ftshare:stock-quotes-list+stock-prices:sample=80
11:30,电脑存储与外围设备,7.4896,proxy,ftshare:stock-quotes-list+stock-prices:sample=80
13:01,电脑存储与外围设备,8.8309,proxy,ftshare:stock-quotes-list+stock-prices:sample=80
13:02,电脑存储与外围设备,9.274,proxy,ftshare:stock-quotes-list+stock-prices:sample=80
13:03,电脑存储与外围设备,9.1579,proxy,ftshare:stock-quotes-list+stock-prices:sample=80
13:04,电脑存储与外围设备,9.0053,proxy,ftshare:stock-quotes-list+stock-prices:sample=80
13:05,电脑存储与外围设备,8.8004,proxy,ftshare:stock-quotes-list+stock-prices:sample=80
13:06,电脑存储与外围设备,8.9315,proxy,ftshare:stock-quotes-list+stock-prices:sample=80
13:07,电脑存储与外围设备,8.3683,proxy,ftshare:stock-quotes-list+stock-prices:sample=80
13:08,电脑存储与外围设备,7.9629,proxy,ftshare:stock-quotes-list+stock-prices:sample=80
13:09,电脑存储与外围设备,7.731,proxy,ftshare:stock-quotes-list+stock-prices:sample=80
13:10,电脑存储与外围设备,8.142,proxy,ftshare:stock-quotes-list+stock-prices:sample=80
13:11,电脑存储与外围设备,8.4664,proxy,ftshare:stock-quotes-list+stock-prices:sample=80
13:12,电脑存储与外围设备,8.056,proxy,ftshare:stock-quotes-list+stock-prices:sample=80
13:13,电脑存储与外围设备,8.351,proxy,ftshare:stock-quotes-list+stock-prices:sample=80
13:14,电脑存储与外围设备,8.9498,proxy,ftshare:stock-quotes-list+stock-prices:sample=80
13:15,电脑存储与外围设备,9.3156,proxy,ftshare:stock-quotes-list+stock-prices:sample=80
13:16,电脑存储与外围设备,9.9176,proxy,ftshare:stock-quotes-list+stock-prices:sample=80
13:17,电脑存储与外围设备,11.9874,proxy,ftshare:stock-quotes-list+stock-prices:sample=80
13:18,电脑存储与外围设备,11.3335,proxy,ftshare:stock-quotes-list+stock-prices:sample=80
13:19,电脑存储与外围设备,11.7966,proxy,ftshare:stock-quotes-list+stock-prices:sample=80
13:20,电脑存储与外围设备,12.1217,proxy,ftshare:stock-quotes-list+stock-prices:sample=80
13:21,电脑存储与外围设备,11.092,proxy,ftshare:stock-quotes-list+stock-prices:sample=80
13:22,电脑存储与外围设备,10.3851,proxy,ftshare:stock-quotes-list+stock-prices:sample=80
13:23,电脑存储与外围设备,10.2915,proxy,ftshare:stock-quotes-list+stock-prices:sample=80
13:24,电脑存储与外围设备,9.5875,proxy,ftshare:stock-quotes-list+stock-prices:sample=80
13:25,电脑存储与外围设备,9.3438,proxy,ftshare:stock-quotes-list+stock-prices:sample=80
13:26,电脑存储与外围设备,8.7859,proxy,ftshare:stock-quotes-list+stock-prices:sample=80
13:27,电脑存储与外围设备,8.6522,proxy,ftshare:stock-quotes-list+stock-prices:sample=80
13:28,电脑存储与外围设备,8.1654,proxy,ftshare:stock-quotes-list+stock-prices:sample=80
13:29,电脑存储与外围设备,7.5115,proxy,ftshare:stock-quotes-list+stock-prices:sample=80
13:30,电脑存储与外围设备,8.0202,proxy,ftshare:stock-quotes-list+stock-prices:sample=80
13:31,电脑存储与外围设备,7.8003,proxy,ftshare:stock-quotes-list+stock-prices:sample=80
13:32,电脑存储与外围设备,8.3494,proxy,ftshare:stock-quotes-list+stock-prices:sample=80
13:33,电脑存储与外围设备,8.5383,proxy,ftshare:stock-quotes-list+stock-prices:sample=80
13:34,电脑存储与外围设备,7.9462,proxy,ftshare:stock-quotes-list+stock-prices:sample=80
13:35,电脑存储与外围设备,8.0822,proxy,ftshare:stock-quotes-list+stock-prices:sample=80
13:36,电脑存储与外围设备,8.557,proxy,ftshare:stock-quotes-list+stock-prices:sample=80
13:37,电脑存储与外围设备,8.8887,proxy,ftshare:stock-quotes-list+stock-prices:sample=80
13:38,电脑存储与外围设备,8.4974,proxy,ftshare:stock-quotes-list+stock-prices:sample=80
13:39,电脑存储与外围设备,8.38,proxy,ftshare:stock-quotes-list+stock-prices:sample=80
13:40,电脑存储与外围设备,8.666,proxy,ftshare:stock-quotes-list+stock-prices:sample=80
13:41,电脑存储与外围设备,8.6565,proxy,ftshare:stock-quotes-list+stock-prices:sample=80
13:42,电脑存储与外围设备,9.0685,proxy,ftshare:stock-quotes-list+stock-prices:sample=80
13:43,电脑存储与外围设备,9.2991,proxy,ftshare:stock-quotes-list+stock-prices:sample=80
13:44,电脑存储与外围设备,9.6836,proxy,ftshare:stock-quotes-list+stock-prices:sample=80
13:45,电脑存储与外围设备,9.9294,proxy,ftshare:stock-quotes-list+stock-prices:sample=80
13:46,电脑存储与外围设备,10.0606,proxy,ftshare:stock-quotes-list+stock-prices:sample=80
13:47,电脑存储与外围设备,10.9148,proxy,ftshare:stock-quotes-list+stock-prices:sample=80
13:48,电脑存储与外围设备,10.2182,proxy,ftshare:stock-quotes-list+stock-prices:sample=80
13:49,电脑存储与外围设备,14.1139,proxy,ftshare:stock-quotes-list+stock-prices:sample=80
13:50,电脑存储与外围设备,15.5492,proxy,ftshare:stock-quotes-list+stock-prices:sample=80
13:51,电脑存储与外围设备,17.2276,proxy,ftshare:stock-quotes-list+stock-prices:sample=80
13:52,电脑存储与外围设备,17.9698,proxy,ftshare:stock-quotes-list+stock-prices:sample=80
13:53,电脑存储与外围设备,17.1681,proxy,ftshare:stock-quotes-list+stock-prices:sample=80
13:54,电脑存储与外围设备,16.6671,proxy,ftshare:stock-quotes-list+stock-prices:sample=80
13:55,电脑存储与外围设备,15.9152,proxy,ftshare:stock-quotes-list+stock-prices:sample=80
13:56,电脑存储与外围设备,16.2808,proxy,ftshare:stock-quotes-list+stock-prices:sample=80
13:57,电脑存储与外围设备,16.664,proxy,ftshare:stock-quotes-list+stock-prices:sample=80
13:58,电脑存储与外围设备,16.4517,proxy,ftshare:stock-quotes-list+stock-prices:sample=80
13:59,电脑存储与外围设备,16.1454,proxy,ftshare:stock-quotes-list+stock-prices:sample=80
14:00,电脑存储与外围设备,15.9918,proxy,ftshare:stock-quotes-list+stock-prices:sample=80
14:01,电脑存储与外围设备,16.404,proxy,ftshare:stock-quotes-list+stock-prices:sample=80
14:02,电脑存储与外围设备,16.8509,proxy,ftshare:stock-quotes-list+stock-prices:sample=80
14:03,电脑存储与外围设备,17.372,proxy,ftshare:stock-quotes-list+stock-prices:sample=80
14:04,电脑存储与外围设备,18.2164,proxy,ftshare:stock-quotes-list+stock-prices:sample=80
14:05,电脑存储与外围设备,17.806,proxy,ftshare:stock-quotes-list+stock-prices:sample=80
14:06,电脑存储与外围设备,17.3822,proxy,ftshare:stock-quotes-list+stock-prices:sample=80
14:07,电脑存储与外围设备,17.2686,proxy,ftshare:stock-quotes-list+stock-prices:sample=80
14:08,电脑存储与外围设备,17.1267,proxy,ftshare:stock-quotes-list+stock-prices:sample=80
14:09,电脑存储与外围设备,17.5248,proxy,ftshare:stock-quotes-list+stock-prices:sample=80
14:10,电脑存储与外围设备,17.7313,proxy,ftshare:stock-quotes-list+stock-prices:sample=80
14:11,电脑存储与外围设备,17.8634,proxy,ftshare:stock-quotes-list+stock-prices:sample=80
14:12,电脑存储与外围设备,17.4609,proxy,ftshare:stock-quotes-list+stock-prices:sample=80
14:13,电脑存储与外围设备,17.133,proxy,ftshare:stock-quotes-list+stock-prices:sample=80
14:14,电脑存储与外围设备,16.7509,proxy,ftshare:stock-quotes-list+stock-prices:sample=80
14:15,电脑存储与外围设备,17.1156,proxy,ftshare:stock-quotes-list+stock-prices:sample=80
14:16,电脑存储与外围设备,17.4547,proxy,ftshare:stock-quotes-list+stock-prices:sample=80
14:17,电脑存储与外围设备,17.5453,proxy,ftshare:stock-quotes-list+stock-prices:sample=80
14:18,电脑存储与外围设备,17.4409,proxy,ftshare:stock-quotes-list+stock-prices:sample=80
14:19,电脑存储与外围设备,17.8044,proxy,ftshare:stock-quotes-list+stock-prices:sample=80
14:20,电脑存储与外围设备,17.5914,proxy,ftshare:stock-quotes-list+stock-prices:sample=80
14:21,电脑存储与外围设备,17.3291,proxy,ftshare:stock-quotes-list+stock-prices:sample=80
14:22,电脑存储与外围设备,16.8338,proxy,ftshare:stock-quotes-list+stock-prices:sample=80
14:23,电脑存储与外围设备,16.4705,proxy,ftshare:stock-quotes-list+stock-prices:sample=80
14:24,电脑存储与外围设备,16.4282,proxy,ftshare:stock-quotes-list+stock-prices:sample=80
14:25,电脑存储与外围设备,17.1714,proxy,ftshare:stock-quotes-list+stock-prices:sample=80
14:26,电脑存储与外围设备,17.4372,proxy,ftshare:stock-quotes-list+stock-prices:sample=80
14:27,电脑存储与外围设备,17.8165,proxy,ftshare:stock-quotes-list+stock-prices:sample=80
14:28,电脑存储与外围设备,17.6229,proxy,ftshare:stock-quotes-list+stock-prices:sample=80
14:29,电脑存储与外围设备,17.9574,proxy,ftshare:stock-quotes-list+stock-prices:sample=80
14:30,电脑存储与外围设备,18.4691,proxy,ftshare:stock-quotes-list+stock-prices:sample=80
14:31,电脑存储与外围设备,19.0061,proxy,ftshare:stock-quotes-list+stock-prices:sample=80
14:32,电脑存储与外围设备,19.9569,proxy,ftshare:stock-quotes-list+stock-prices:sample=80
14:33,电脑存储与外围设备,20.8188,proxy,ftshare:stock-quotes-list+stock-prices:sample=80
14:34,电脑存储与外围设备,20.7207,proxy,ftshare:stock-quotes-list+stock-prices:sample=80
14:35,电脑存储与外围设备,20.3851,proxy,ftshare:stock-quotes-list+stock-prices:sample=80
14:36,电脑存储与外围设备,19.8379,proxy,ftshare:stock-quotes-list+stock-prices:sample=80
14:37,电脑存储与外围设备,19.8519,proxy,ftshare:stock-quotes-list+stock-prices:sample=80
14:38,电脑存储与外围设备,19.8115,proxy,ftshare:stock-quotes-list+stock-prices:sample=80
14:39,电脑存储与外围设备,20.73,proxy,ftshare:stock-quotes-list+stock-prices:sample=80
14:40,电脑存储与外围设备,21.1336,proxy,ftshare:stock-quotes-list+stock-prices:sample=80
14:41,电脑存储与外围设备,22.3901,proxy,ftshare:stock-quotes-list+stock-prices:sample=80
14:42,电脑存储与外围设备,23.886,proxy,ftshare:stock-quotes-list+stock-prices:sample=80
14:43,电脑存储与外围设备,24.0911,proxy,ftshare:stock-quotes-list+stock-prices:sample=80
14:44,电脑存储与外围设备,23.4012,proxy,ftshare:stock-quotes-list+stock-prices:sample=80
14:45,电脑存储与外围设备,22.3066,proxy,ftshare:stock-quotes-list+stock-prices:sample=80
14:46,电脑存储与外围设备,22.0484,proxy,ftshare:stock-quotes-list+stock-prices:sample=80
14:47,电脑存储与外围设备,21.1766,proxy,ftshare:stock-quotes-list+stock-prices:sample=80
14:48,电脑存储与外围设备,20.2259,proxy,ftshare:stock-quotes-list+stock-prices:sample=80
14:49,电脑存储与外围设备,20.6184,proxy,ftshare:stock-quotes-list+stock-prices:sample=80
14:50,电脑存储与外围设备,21.541,proxy,ftshare:stock-quotes-list+stock-prices:sample=80
14:51,电脑存储与外围设备,20.9007,proxy,ftshare:stock-quotes-list+stock-prices:sample=80
14:52,电脑存储与外围设备,19.8566,proxy,ftshare:stock-quotes-list+stock-prices:sample=80
14:53,电脑存储与外围设备,20.8785,proxy,ftshare:stock-quotes-list+stock-prices:sample=80
14:54,电脑存储与外围设备,21.6712,proxy,ftshare:stock-quotes-list+stock-prices:sample=80
14:55,电脑存储与外围设备,21.3619,proxy,ftshare:stock-quotes-list+stock-prices:sample=80
14:56,电脑存储与外围设备,21.6941,proxy,ftshare:stock-quotes-list+stock-prices:sample=80
14:57,电脑存储与外围设备,23.2861,proxy,ftshare:stock-quotes-list+stock-prices:sample=80
14:58,电脑存储与外围设备,23.3069,proxy,ftshare:stock-quotes-list+stock-prices:sample=80
14:59,电脑存储与外围设备,23.3069,proxy,ftshare:stock-quotes-list+stock-prices:sample=80
15:00,电脑存储与外围设备,22.7129,proxy,ftshare:stock-quotes-list+stock-prices:sample=80
09:30,通信设备,10.873,proxy,ftshare:stock-quotes-list+stock-prices:sample=80
09:31,通信设备,10.3336,proxy,ftshare:stock-quotes-list+stock-prices:sample=80
09:32,通信设备,26.9556,proxy,ftshare:stock-quotes-list+stock-prices:sample=80
09:33,通信设备,19.4285,proxy,ftshare:stock-quotes-list+stock-prices:sample=80
09:34,通信设备,-0.5882,proxy,ftshare:stock-quotes-list+stock-prices:sample=80
09:35,通信设备,-17.9179,proxy,ftshare:stock-quotes-list+stock-prices:sample=80
09:36,通信设备,0.3776,proxy,ftshare:stock-quotes-list+stock-prices:sample=80
09:37,通信设备,14.3905,proxy,ftshare:stock-quotes-list+stock-prices:sample=80
09:38,通信设备,23.5679,proxy,ftshare:stock-quotes-list+stock-prices:sample=80
09:39,通信设备,43.7299,proxy,ftshare:stock-quotes-list+stock-prices:sample=80
09:40,通信设备,44.1583,proxy,ftshare:stock-quotes-list+stock-prices:sample=80
09:41,通信设备,44.0738,proxy,ftshare:stock-quotes-list+stock-prices:sample=80
09:42,通信设备,29.4257,proxy,ftshare:stock-quotes-list+stock-prices:sample=80
09:43,通信设备,48.555,proxy,ftshare:stock-quotes-list+stock-prices:sample=80
09:44,通信设备,49.2984,proxy,ftshare:stock-quotes-list+stock-prices:sample=80
09:45,通信设备,42.7663,proxy,ftshare:stock-quotes-list+stock-prices:sample=80
09:46,通信设备,46.5096,proxy,ftshare:stock-quotes-list+stock-prices:sample=80
09:47,通信设备,40.6855,proxy,ftshare:stock-quotes-list+stock-prices:sample=80
09:48,通信设备,62.2945,proxy,ftshare:stock-quotes-list+stock-prices:sample=80
09:49,通信设备,63.3353,proxy,ftshare:stock-quotes-list+stock-prices:sample=80
09:50,通信设备,60.7023,proxy,ftshare:stock-quotes-list+stock-prices:sample=80
09:51,通信设备,53.9711,proxy,ftshare:stock-quotes-list+stock-prices:sample=80
09:52,通信设备,70.8361,proxy,ftshare:stock-quotes-list+stock-prices:sample=80
09:53,通信设备,62.7481,proxy,ftshare:stock-quotes-list+stock-prices:sample=80
09:54,通信设备,60.0711,proxy,ftshare:stock-quotes-list+stock-prices:sample=80
09:55,通信设备,62.8635,proxy,ftshare:stock-quotes-list+stock-prices:sample=80
09:56,通信设备,69.9699,proxy,ftshare:stock-quotes-list+stock-prices:sample=80
09:57,通信设备,75.8639,proxy,ftshare:stock-quotes-list+stock-prices:sample=80
09:58,通信设备,66.4996,proxy,ftshare:stock-quotes-list+stock-prices:sample=80
09:59,通信设备,61.6932,proxy,ftshare:stock-quotes-list+stock-prices:sample=80
10:00,通信设备,53.3892,proxy,ftshare:stock-quotes-list+stock-prices:sample=80
10:01,通信设备,48.4653,proxy,ftshare:stock-quotes-list+stock-prices:sample=80
10:02,通信设备,56.33,proxy,ftshare:stock-quotes-list+stock-prices:sample=80
10:03,通信设备,57.0627,proxy,ftshare:stock-quotes-list+stock-prices:sample=80
10:04,通信设备,50.5776,proxy,ftshare:stock-quotes-list+stock-prices:sample=80
10:05,通信设备,37.1991,proxy,ftshare:stock-quotes-list+stock-prices:sample=80
10:06,通信设备,30.8561,proxy,ftshare:stock-quotes-list+stock-prices:sample=80
10:07,通信设备,20.7434,proxy,ftshare:stock-quotes-list+stock-prices:sample=80
10:08,通信设备,19.8953,proxy,ftshare:stock-quotes-list+stock-prices:sample=80
10:09,通信设备,11.5718,proxy,ftshare:stock-quotes-list+stock-prices:sample=80
10:10,通信设备,24.6225,proxy,ftshare:stock-quotes-list+stock-prices:sample=80
10:11,通信设备,31.6034,proxy,ftshare:stock-quotes-list+stock-prices:sample=80
10:12,通信设备,45.6936,proxy,ftshare:stock-quotes-list+stock-prices:sample=80
10:13,通信设备,43.1069,proxy,ftshare:stock-quotes-list+stock-prices:sample=80
10:14,通信设备,42.3252,proxy,ftshare:stock-quotes-list+stock-prices:sample=80
10:15,通信设备,46.6049,proxy,ftshare:stock-quotes-list+stock-prices:sample=80
10:16,通信设备,33.751,proxy,ftshare:stock-quotes-list+stock-prices:sample=80
10:17,通信设备,19.523,proxy,ftshare:stock-quotes-list+stock-prices:sample=80
10:18,通信设备,33.0125,proxy,ftshare:stock-quotes-list+stock-prices:sample=80
10:19,通信设备,38.884,proxy,ftshare:stock-quotes-list+stock-prices:sample=80
10:20,通信设备,34.4959,proxy,ftshare:stock-quotes-list+stock-prices:sample=80
10:21,通信设备,36.9009,proxy,ftshare:stock-quotes-list+stock-prices:sample=80
10:22,通信设备,30.328,proxy,ftshare:stock-quotes-list+stock-prices:sample=80
10:23,通信设备,32.3875,proxy,ftshare:stock-quotes-list+stock-prices:sample=80
10:24,通信设备,27.4347,proxy,ftshare:stock-quotes-list+stock-prices:sample=80
10:25,通信设备,15.7664,proxy,ftshare:stock-quotes-list+stock-prices:sample=80
10:26,通信设备,0.9875,proxy,ftshare:stock-quotes-list+stock-prices:sample=80
10:27,通信设备,2.2924,proxy,ftshare:stock-quotes-list+stock-prices:sample=80
10:28,通信设备,-8.7721,proxy,ftshare:stock-quotes-list+stock-prices:sample=80
10:29,通信设备,-25.0757,proxy,ftshare:stock-quotes-list+stock-prices:sample=80
10:30,通信设备,-42.8532,proxy,ftshare:stock-quotes-list+stock-prices:sample=80
10:31,通信设备,-27.1287,proxy,ftshare:stock-quotes-list+stock-prices:sample=80
10:32,通信设备,-30.3316,proxy,ftshare:stock-quotes-list+stock-prices:sample=80
10:33,通信设备,-28.5415,proxy,ftshare:stock-quotes-list+stock-prices:sample=80
10:34,通信设备,-42.2597,proxy,ftshare:stock-quotes-list+stock-prices:sample=80
10:35,通信设备,-40.1552,proxy,ftshare:stock-quotes-list+stock-prices:sample=80
10:36,通信设备,-31.3013,proxy,ftshare:stock-quotes-list+stock-prices:sample=80
10:37,通信设备,-22.5063,proxy,ftshare:stock-quotes-list+stock-prices:sample=80
10:38,通信设备,-24.5062,proxy,ftshare:stock-quotes-list+stock-prices:sample=80
10:39,通信设备,-18.9646,proxy,ftshare:stock-quotes-list+stock-prices:sample=80
10:40,通信设备,-23.3511,proxy,ftshare:stock-quotes-list+stock-prices:sample=80
10:41,通信设备,-29.3415,proxy,ftshare:stock-quotes-list+stock-prices:sample=80
10:42,通信设备,-34.2114,proxy,ftshare:stock-quotes-list+stock-prices:sample=80
10:43,通信设备,-28.5587,proxy,ftshare:stock-quotes-list+stock-prices:sample=80
10:44,通信设备,-25.8291,proxy,ftshare:stock-quotes-list+stock-prices:sample=80
10:45,通信设备,-31.3563,proxy,ftshare:stock-quotes-list+stock-prices:sample=80
10:46,通信设备,-40.6851,proxy,ftshare:stock-quotes-list+stock-prices:sample=80
10:47,通信设备,-49.8195,proxy,ftshare:stock-quotes-list+stock-prices:sample=80
10:48,通信设备,-53.4669,proxy,ftshare:stock-quotes-list+stock-prices:sample=80
10:49,通信设备,-62.7525,proxy,ftshare:stock-quotes-list+stock-prices:sample=80
10:50,通信设备,-72.6417,proxy,ftshare:stock-quotes-list+stock-prices:sample=80
10:51,通信设备,-68.0679,proxy,ftshare:stock-quotes-list+stock-prices:sample=80
10:52,通信设备,-69.0287,proxy,ftshare:stock-quotes-list+stock-prices:sample=80
10:53,通信设备,-64.9077,proxy,ftshare:stock-quotes-list+stock-prices:sample=80
10:54,通信设备,-78.2897,proxy,ftshare:stock-quotes-list+stock-prices:sample=80
10:55,通信设备,-84.9893,proxy,ftshare:stock-quotes-list+stock-prices:sample=80
10:56,通信设备,-83.314,proxy,ftshare:stock-quotes-list+stock-prices:sample=80
10:57,通信设备,-75.4986,proxy,ftshare:stock-quotes-list+stock-prices:sample=80
10:58,通信设备,-76.0221,proxy,ftshare:stock-quotes-list+stock-prices:sample=80
10:59,通信设备,-71.2269,proxy,ftshare:stock-quotes-list+stock-prices:sample=80
11:00,通信设备,-70.703,proxy,ftshare:stock-quotes-list+stock-prices:sample=80
11:01,通信设备,-68.9217,proxy,ftshare:stock-quotes-list+stock-prices:sample=80
11:02,通信设备,-73.6929,proxy,ftshare:stock-quotes-list+stock-prices:sample=80
11:03,通信设备,-75.7103,proxy,ftshare:stock-quotes-list+stock-prices:sample=80
11:04,通信设备,-72.6141,proxy,ftshare:stock-quotes-list+stock-prices:sample=80
11:05,通信设备,-71.0894,proxy,ftshare:stock-quotes-list+stock-prices:sample=80
11:06,通信设备,-68.3191,proxy,ftshare:stock-quotes-list+stock-prices:sample=80
11:07,通信设备,-75.2228,proxy,ftshare:stock-quotes-list+stock-prices:sample=80
11:08,通信设备,-75.5598,proxy,ftshare:stock-quotes-list+stock-prices:sample=80
11:09,通信设备,-84.6956,proxy,ftshare:stock-quotes-list+stock-prices:sample=80
11:10,通信设备,-92.8086,proxy,ftshare:stock-quotes-list+stock-prices:sample=80
11:11,通信设备,-91.7942,proxy,ftshare:stock-quotes-list+stock-prices:sample=80
11:12,通信设备,-92.5367,proxy,ftshare:stock-quotes-list+stock-prices:sample=80
11:13,通信设备,-87.6057,proxy,ftshare:stock-quotes-list+stock-prices:sample=80
11:14,通信设备,-87.7255,proxy,ftshare:stock-quotes-list+stock-prices:sample=80
11:15,通信设备,-83.2721,proxy,ftshare:stock-quotes-list+stock-prices:sample=80
11:16,通信设备,-79.0621,proxy,ftshare:stock-quotes-list+stock-prices:sample=80
11:17,通信设备,-81.4042,proxy,ftshare:stock-quotes-list+stock-prices:sample=80
11:18,通信设备,-84.8606,proxy,ftshare:stock-quotes-list+stock-prices:sample=80
11:19,通信设备,-85.0676,proxy,ftshare:stock-quotes-list+stock-prices:sample=80
11:20,通信设备,-88.5933,proxy,ftshare:stock-quotes-list+stock-prices:sample=80
11:21,通信设备,-92.1356,proxy,ftshare:stock-quotes-list+stock-prices:sample=80
11:22,通信设备,-91.1605,proxy,ftshare:stock-quotes-list+stock-prices:sample=80
11:23,通信设备,-91.6081,proxy,ftshare:stock-quotes-list+stock-prices:sample=80
11:24,通信设备,-91.2045,proxy,ftshare:stock-quotes-list+stock-prices:sample=80
11:25,通信设备,-87.8726,proxy,ftshare:stock-quotes-list+stock-prices:sample=80
11:26,通信设备,-85.3917,proxy,ftshare:stock-quotes-list+stock-prices:sample=80
11:27,通信设备,-85.5809,proxy,ftshare:stock-quotes-list+stock-prices:sample=80
11:28,通信设备,-85.8254,proxy,ftshare:stock-quotes-list+stock-prices:sample=80
11:29,通信设备,-84.2469,proxy,ftshare:stock-quotes-list+stock-prices:sample=80
11:30,通信设备,-84.4117,proxy,ftshare:stock-quotes-list+stock-prices:sample=80
13:01,通信设备,-73.6253,proxy,ftshare:stock-quotes-list+stock-prices:sample=80
13:02,通信设备,-64.2213,proxy,ftshare:stock-quotes-list+stock-prices:sample=80
13:03,通信设备,-69.2403,proxy,ftshare:stock-quotes-list+stock-prices:sample=80
13:04,通信设备,-68.4476,proxy,ftshare:stock-quotes-list+stock-prices:sample=80
13:05,通信设备,-73.2025,proxy,ftshare:stock-quotes-list+stock-prices:sample=80
13:06,通信设备,-64.7959,proxy,ftshare:stock-quotes-list+stock-prices:sample=80
13:07,通信设备,-66.6553,proxy,ftshare:stock-quotes-list+stock-prices:sample=80
13:08,通信设备,-61.4357,proxy,ftshare:stock-quotes-list+stock-prices:sample=80
13:09,通信设备,-68.6234,proxy,ftshare:stock-quotes-list+stock-prices:sample=80
13:10,通信设备,-71.2974,proxy,ftshare:stock-quotes-list+stock-prices:sample=80
13:11,通信设备,-72.4597,proxy,ftshare:stock-quotes-list+stock-prices:sample=80
13:12,通信设备,-71.0796,proxy,ftshare:stock-quotes-list+stock-prices:sample=80
13:13,通信设备,-70.7174,proxy,ftshare:stock-quotes-list+stock-prices:sample=80
13:14,通信设备,-66.1977,proxy,ftshare:stock-quotes-list+stock-prices:sample=80
13:15,通信设备,-65.1191,proxy,ftshare:stock-quotes-list+stock-prices:sample=80
13:16,通信设备,-68.7694,proxy,ftshare:stock-quotes-list+stock-prices:sample=80
13:17,通信设备,-71.1904,proxy,ftshare:stock-quotes-list+stock-prices:sample=80
13:18,通信设备,-72.4286,proxy,ftshare:stock-quotes-list+stock-prices:sample=80
13:19,通信设备,-71.7583,proxy,ftshare:stock-quotes-list+stock-prices:sample=80
13:20,通信设备,-69.1961,proxy,ftshare:stock-quotes-list+stock-prices:sample=80
13:21,通信设备,-74.7619,proxy,ftshare:stock-quotes-list+stock-prices:sample=80
13:22,通信设备,-67.6323,proxy,ftshare:stock-quotes-list+stock-prices:sample=80
13:23,通信设备,-65.038,proxy,ftshare:stock-quotes-list+stock-prices:sample=80
13:24,通信设备,-65.5512,proxy,ftshare:stock-quotes-list+stock-prices:sample=80
13:25,通信设备,-68.1865,proxy,ftshare:stock-quotes-list+stock-prices:sample=80
13:26,通信设备,-69.2386,proxy,ftshare:stock-quotes-list+stock-prices:sample=80
13:27,通信设备,-68.5066,proxy,ftshare:stock-quotes-list+stock-prices:sample=80
13:28,通信设备,-73.2827,proxy,ftshare:stock-quotes-list+stock-prices:sample=80
13:29,通信设备,-76.2467,proxy,ftshare:stock-quotes-list+stock-prices:sample=80
13:30,通信设备,-70.438,proxy,ftshare:stock-quotes-list+stock-prices:sample=80
13:31,通信设备,-75.166,proxy,ftshare:stock-quotes-list+stock-prices:sample=80
13:32,通信设备,-75.4684,proxy,ftshare:stock-quotes-list+stock-prices:sample=80
13:33,通信设备,-77.1494,proxy,ftshare:stock-quotes-list+stock-prices:sample=80
13:34,通信设备,-78.4479,proxy,ftshare:stock-quotes-list+stock-prices:sample=80
13:35,通信设备,-74.6462,proxy,ftshare:stock-quotes-list+stock-prices:sample=80
13:36,通信设备,-71.5259,proxy,ftshare:stock-quotes-list+stock-prices:sample=80
13:37,通信设备,-73.8616,proxy,ftshare:stock-quotes-list+stock-prices:sample=80
13:38,通信设备,-73.1063,proxy,ftshare:stock-quotes-list+stock-prices:sample=80
13:39,通信设备,-74.6556,proxy,ftshare:stock-quotes-list+stock-prices:sample=80
13:40,通信设备,-72.1543,proxy,ftshare:stock-quotes-list+stock-prices:sample=80
13:41,通信设备,-71.8256,proxy,ftshare:stock-quotes-list+stock-prices:sample=80
13:42,通信设备,-63.7337,proxy,ftshare:stock-quotes-list+stock-prices:sample=80
13:43,通信设备,-65.2692,proxy,ftshare:stock-quotes-list+stock-prices:sample=80
13:44,通信设备,-66.8323,proxy,ftshare:stock-quotes-list+stock-prices:sample=80
13:45,通信设备,-68.9343,proxy,ftshare:stock-quotes-list+stock-prices:sample=80
13:46,通信设备,-66.0627,proxy,ftshare:stock-quotes-list+stock-prices:sample=80
13:47,通信设备,-64.6512,proxy,ftshare:stock-quotes-list+stock-prices:sample=80
13:48,通信设备,-64.7895,proxy,ftshare:stock-quotes-list+stock-prices:sample=80
13:49,通信设备,-65.4174,proxy,ftshare:stock-quotes-list+stock-prices:sample=80
13:50,通信设备,-64.9909,proxy,ftshare:stock-quotes-list+stock-prices:sample=80
13:51,通信设备,-60.9501,proxy,ftshare:stock-quotes-list+stock-prices:sample=80
13:52,通信设备,-59.062,proxy,ftshare:stock-quotes-list+stock-prices:sample=80
13:53,通信设备,-62.0174,proxy,ftshare:stock-quotes-list+stock-prices:sample=80
13:54,通信设备,-64.6878,proxy,ftshare:stock-quotes-list+stock-prices:sample=80
13:55,通信设备,-66.5418,proxy,ftshare:stock-quotes-list+stock-prices:sample=80
13:56,通信设备,-63.752,proxy,ftshare:stock-quotes-list+stock-prices:sample=80
13:57,通信设备,-64.4364,proxy,ftshare:stock-quotes-list+stock-prices:sample=80
13:58,通信设备,-64.4101,proxy,ftshare:stock-quotes-list+stock-prices:sample=80
13:59,通信设备,-67.8148,proxy,ftshare:stock-quotes-list+stock-prices:sample=80
14:00,通信设备,-64.441,proxy,ftshare:stock-quotes-list+stock-prices:sample=80
14:01,通信设备,-61.6359,proxy,ftshare:stock-quotes-list+stock-prices:sample=80
14:02,通信设备,-60.1363,proxy,ftshare:stock-quotes-list+stock-prices:sample=80
14:03,通信设备,-58.6197,proxy,ftshare:stock-quotes-list+stock-prices:sample=80
14:04,通信设备,-56.4846,proxy,ftshare:stock-quotes-list+stock-prices:sample=80
14:05,通信设备,-55.5021,proxy,ftshare:stock-quotes-list+stock-prices:sample=80
14:06,通信设备,-54.1136,proxy,ftshare:stock-quotes-list+stock-prices:sample=80
14:07,通信设备,-55.4843,proxy,ftshare:stock-quotes-list+stock-prices:sample=80
14:08,通信设备,-52.9374,proxy,ftshare:stock-quotes-list+stock-prices:sample=80
14:09,通信设备,-53.9994,proxy,ftshare:stock-quotes-list+stock-prices:sample=80
14:10,通信设备,-52.6933,proxy,ftshare:stock-quotes-list+stock-prices:sample=80
14:11,通信设备,-52.5646,proxy,ftshare:stock-quotes-list+stock-prices:sample=80
14:12,通信设备,-52.233,proxy,ftshare:stock-quotes-list+stock-prices:sample=80
14:13,通信设备,-55.5572,proxy,ftshare:stock-quotes-list+stock-prices:sample=80
14:14,通信设备,-52.0214,proxy,ftshare:stock-quotes-list+stock-prices:sample=80
14:15,通信设备,-46.1642,proxy,ftshare:stock-quotes-list+stock-prices:sample=80
14:16,通信设备,-49.7261,proxy,ftshare:stock-quotes-list+stock-prices:sample=80
14:17,通信设备,-49.2356,proxy,ftshare:stock-quotes-list+stock-prices:sample=80
14:18,通信设备,-44.6834,proxy,ftshare:stock-quotes-list+stock-prices:sample=80
14:19,通信设备,-45.0142,proxy,ftshare:stock-quotes-list+stock-prices:sample=80
14:20,通信设备,-47.1789,proxy,ftshare:stock-quotes-list+stock-prices:sample=80
14:21,通信设备,-48.6509,proxy,ftshare:stock-quotes-list+stock-prices:sample=80
14:22,通信设备,-50.3284,proxy,ftshare:stock-quotes-list+stock-prices:sample=80
14:23,通信设备,-47.8084,proxy,ftshare:stock-quotes-list+stock-prices:sample=80
14:24,通信设备,-46.2723,proxy,ftshare:stock-quotes-list+stock-prices:sample=80
14:25,通信设备,-43.8952,proxy,ftshare:stock-quotes-list+stock-prices:sample=80
14:26,通信设备,-43.9072,proxy,ftshare:stock-quotes-list+stock-prices:sample=80
14:27,通信设备,-44.4827,proxy,ftshare:stock-quotes-list+stock-prices:sample=80
14:28,通信设备,-45.7146,proxy,ftshare:stock-quotes-list+stock-prices:sample=80
14:29,通信设备,-43.1202,proxy,ftshare:stock-quotes-list+stock-prices:sample=80
14:30,通信设备,-39.9421,proxy,ftshare:stock-quotes-list+stock-prices:sample=80
14:31,通信设备,-36.7605,proxy,ftshare:stock-quotes-list+stock-prices:sample=80
14:32,通信设备,-33.7694,proxy,ftshare:stock-quotes-list+stock-prices:sample=80
14:33,通信设备,-31.559,proxy,ftshare:stock-quotes-list+stock-prices:sample=80
14:34,通信设备,-29.9154,proxy,ftshare:stock-quotes-list+stock-prices:sample=80
14:35,通信设备,-30.5135,proxy,ftshare:stock-quotes-list+stock-prices:sample=80
14:36,通信设备,-30.9351,proxy,ftshare:stock-quotes-list+stock-prices:sample=80
14:37,通信设备,-30.6833,proxy,ftshare:stock-quotes-list+stock-prices:sample=80
14:38,通信设备,-31.137,proxy,ftshare:stock-quotes-list+stock-prices:sample=80
14:39,通信设备,-31.4387,proxy,ftshare:stock-quotes-list+stock-prices:sample=80
14:40,通信设备,-33.2368,proxy,ftshare:stock-quotes-list+stock-prices:sample=80
14:41,通信设备,-34.5004,proxy,ftshare:stock-quotes-list+stock-prices:sample=80
14:42,通信设备,-28.1386,proxy,ftshare:stock-quotes-list+stock-prices:sample=80
14:43,通信设备,-26.9662,proxy,ftshare:stock-quotes-list+stock-prices:sample=80
14:44,通信设备,-28.196,proxy,ftshare:stock-quotes-list+stock-prices:sample=80
14:45,通信设备,-27.2411,proxy,ftshare:stock-quotes-list+stock-prices:sample=80
14:46,通信设备,-31.2968,proxy,ftshare:stock-quotes-list+stock-prices:sample=80
14:47,通信设备,-31.5333,proxy,ftshare:stock-quotes-list+stock-prices:sample=80
14:48,通信设备,-28.91,proxy,ftshare:stock-quotes-list+stock-prices:sample=80
14:49,通信设备,-28.2759,proxy,ftshare:stock-quotes-list+stock-prices:sample=80
14:50,通信设备,-24.9795,proxy,ftshare:stock-quotes-list+stock-prices:sample=80
14:51,通信设备,-26.8681,proxy,ftshare:stock-quotes-list+stock-prices:sample=80
14:52,通信设备,-26.8243,proxy,ftshare:stock-quotes-list+stock-prices:sample=80
14:53,通信设备,-27.9384,proxy,ftshare:stock-quotes-list+stock-prices:sample=80
14:54,通信设备,-32.1191,proxy,ftshare:stock-quotes-list+stock-prices:sample=80
14:55,通信设备,-30.2789,proxy,ftshare:stock-quotes-list+stock-prices:sample=80
14:56,通信设备,-29.1334,proxy,ftshare:stock-quotes-list+stock-prices:sample=80
14:57,通信设备,-23.475,proxy,ftshare:stock-quotes-list+stock-prices:sample=80
14:58,通信设备,-23.1252,proxy,ftshare:stock-quotes-list+stock-prices:sample=80
14:59,通信设备,-23.1252,proxy,ftshare:stock-quotes-list+stock-prices:sample=80
15:00,通信设备,-21.5328,proxy,ftshare:stock-quotes-list+stock-prices:sample=80
09:30,非金属材料与制品,1.5025,proxy,ftshare:stock-quotes-list+stock-prices:sample=80
09:31,非金属材料与制品,1.2237,proxy,ftshare:stock-quotes-list+stock-prices:sample=80
09:32,非金属材料与制品,-0.4393,proxy,ftshare:stock-quotes-list+stock-prices:sample=80
09:33,非金属材料与制品,-3.9492,proxy,ftshare:stock-quotes-list+stock-prices:sample=80
09:34,非金属材料与制品,-5.2283,proxy,ftshare:stock-quotes-list+stock-prices:sample=80
09:35,非金属材料与制品,-4.5441,proxy,ftshare:stock-quotes-list+stock-prices:sample=80
09:36,非金属材料与制品,-5.1335,proxy,ftshare:stock-quotes-list+stock-prices:sample=80
09:37,非金属材料与制品,-4.6384,proxy,ftshare:stock-quotes-list+stock-prices:sample=80
09:38,非金属材料与制品,-4.0013,proxy,ftshare:stock-quotes-list+stock-prices:sample=80
09:39,非金属材料与制品,-4.1231,proxy,ftshare:stock-quotes-list+stock-prices:sample=80
09:40,非金属材料与制品,-2.4698,proxy,ftshare:stock-quotes-list+stock-prices:sample=80
09:41,非金属材料与制品,-2.5446,proxy,ftshare:stock-quotes-list+stock-prices:sample=80
09:42,非金属材料与制品,-1.7611,proxy,ftshare:stock-quotes-list+stock-prices:sample=80
09:43,非金属材料与制品,-0.2862,proxy,ftshare:stock-quotes-list+stock-prices:sample=80
09:44,非金属材料与制品,1.994,proxy,ftshare:stock-quotes-list+stock-prices:sample=80
09:45,非金属材料与制品,4.0802,proxy,ftshare:stock-quotes-list+stock-prices:sample=80
09:46,非金属材料与制品,7.5826,proxy,ftshare:stock-quotes-list+stock-prices:sample=80
09:47,非金属材料与制品,7.5292,proxy,ftshare:stock-quotes-list+stock-prices:sample=80
09:48,非金属材料与制品,10.1656,proxy,ftshare:stock-quotes-list+stock-prices:sample=80
09:49,非金属材料与制品,8.0393,proxy,ftshare:stock-quotes-list+stock-prices:sample=80
09:50,非金属材料与制品,8.5225,proxy,ftshare:stock-quotes-list+stock-prices:sample=80
09:51,非金属材料与制品,8.6001,proxy,ftshare:stock-quotes-list+stock-prices:sample=80
09:52,非金属材料与制品,6.529,proxy,ftshare:stock-quotes-list+stock-prices:sample=80
09:53,非金属材料与制品,5.2374,proxy,ftshare:stock-quotes-list+stock-prices:sample=80
09:54,非金属材料与制品,3.68,proxy,ftshare:stock-quotes-list+stock-prices:sample=80
09:55,非金属材料与制品,4.7743,proxy,ftshare:stock-quotes-list+stock-prices:sample=80
09:56,非金属材料与制品,5.1257,proxy,ftshare:stock-quotes-list+stock-prices:sample=80
09:57,非金属材料与制品,5.2282,proxy,ftshare:stock-quotes-list+stock-prices:sample=80
09:58,非金属材料与制品,4.3551,proxy,ftshare:stock-quotes-list+stock-prices:sample=80
09:59,非金属材料与制品,4.3264,proxy,ftshare:stock-quotes-list+stock-prices:sample=80
10:00,非金属材料与制品,3.2242,proxy,ftshare:stock-quotes-list+stock-prices:sample=80
10:01,非金属材料与制品,3.6214,proxy,ftshare:stock-quotes-list+stock-prices:sample=80
10:02,非金属材料与制品,4.6807,proxy,ftshare:stock-quotes-list+stock-prices:sample=80
10:03,非金属材料与制品,5.9296,proxy,ftshare:stock-quotes-list+stock-prices:sample=80
10:04,非金属材料与制品,7.484,proxy,ftshare:stock-quotes-list+stock-prices:sample=80
10:05,非金属材料与制品,8.888,proxy,ftshare:stock-quotes-list+stock-prices:sample=80
10:06,非金属材料与制品,7.9827,proxy,ftshare:stock-quotes-list+stock-prices:sample=80
10:07,非金属材料与制品,7.1953,proxy,ftshare:stock-quotes-list+stock-prices:sample=80
10:08,非金属材料与制品,7.9551,proxy,ftshare:stock-quotes-list+stock-prices:sample=80
10:09,非金属材料与制品,7.3492,proxy,ftshare:stock-quotes-list+stock-prices:sample=80
10:10,非金属材料与制品,6.628,proxy,ftshare:stock-quotes-list+stock-prices:sample=80
10:11,非金属材料与制品,7.2223,proxy,ftshare:stock-quotes-list+stock-prices:sample=80
10:12,非金属材料与制品,7.9139,proxy,ftshare:stock-quotes-list+stock-prices:sample=80
10:13,非金属材料与制品,7.2743,proxy,ftshare:stock-quotes-list+stock-prices:sample=80
10:14,非金属材料与制品,6.4029,proxy,ftshare:stock-quotes-list+stock-prices:sample=80
10:15,非金属材料与制品,6.2464,proxy,ftshare:stock-quotes-list+stock-prices:sample=80
10:16,非金属材料与制品,5.0355,proxy,ftshare:stock-quotes-list+stock-prices:sample=80
10:17,非金属材料与制品,5.4309,proxy,ftshare:stock-quotes-list+stock-prices:sample=80
10:18,非金属材料与制品,6.021,proxy,ftshare:stock-quotes-list+stock-prices:sample=80
10:19,非金属材料与制品,6.4787,proxy,ftshare:stock-quotes-list+stock-prices:sample=80
10:20,非金属材料与制品,5.7915,proxy,ftshare:stock-quotes-list+stock-prices:sample=80
10:21,非金属材料与制品,5.2986,proxy,ftshare:stock-quotes-list+stock-prices:sample=80
10:22,非金属材料与制品,4.6135,proxy,ftshare:stock-quotes-list+stock-prices:sample=80
10:23,非金属材料与制品,3.7744,proxy,ftshare:stock-quotes-list+stock-prices:sample=80
10:24,非金属材料与制品,2.9349,proxy,ftshare:stock-quotes-list+stock-prices:sample=80
10:25,非金属材料与制品,3.2786,proxy,ftshare:stock-quotes-list+stock-prices:sample=80
10:26,非金属材料与制品,2.0753,proxy,ftshare:stock-quotes-list+stock-prices:sample=80
10:27,非金属材料与制品,2.9726,proxy,ftshare:stock-quotes-list+stock-prices:sample=80
10:28,非金属材料与制品,2.3063,proxy,ftshare:stock-quotes-list+stock-prices:sample=80
10:29,非金属材料与制品,1.554,proxy,ftshare:stock-quotes-list+stock-prices:sample=80
10:30,非金属材料与制品,0.3079,proxy,ftshare:stock-quotes-list+stock-prices:sample=80
10:31,非金属材料与制品,1.4506,proxy,ftshare:stock-quotes-list+stock-prices:sample=80
10:32,非金属材料与制品,0.9852,proxy,ftshare:stock-quotes-list+stock-prices:sample=80
10:33,非金属材料与制品,0.1237,proxy,ftshare:stock-quotes-list+stock-prices:sample=80
10:34,非金属材料与制品,-0.2717,proxy,ftshare:stock-quotes-list+stock-prices:sample=80
10:35,非金属材料与制品,-0.5349,proxy,ftshare:stock-quotes-list+stock-prices:sample=80
10:36,非金属材料与制品,0.2241,proxy,ftshare:stock-quotes-list+stock-prices:sample=80
10:37,非金属材料与制品,0.9142,proxy,ftshare:stock-quotes-list+stock-prices:sample=80
10:38,非金属材料与制品,1.8221,proxy,ftshare:stock-quotes-list+stock-prices:sample=80
10:39,非金属材料与制品,1.2627,proxy,ftshare:stock-quotes-list+stock-prices:sample=80
10:40,非金属材料与制品,0.806,proxy,ftshare:stock-quotes-list+stock-prices:sample=80
10:41,非金属材料与制品,0.3191,proxy,ftshare:stock-quotes-list+stock-prices:sample=80
10:42,非金属材料与制品,0.7571,proxy,ftshare:stock-quotes-list+stock-prices:sample=80
10:43,非金属材料与制品,0.3218,proxy,ftshare:stock-quotes-list+stock-prices:sample=80
10:44,非金属材料与制品,0.47,proxy,ftshare:stock-quotes-list+stock-prices:sample=80
10:45,非金属材料与制品,0.1753,proxy,ftshare:stock-quotes-list+stock-prices:sample=80
10:46,非金属材料与制品,-0.2241,proxy,ftshare:stock-quotes-list+stock-prices:sample=80
10:47,非金属材料与制品,-0.6905,proxy,ftshare:stock-quotes-list+stock-prices:sample=80
10:48,非金属材料与制品,-1.2738,proxy,ftshare:stock-quotes-list+stock-prices:sample=80
10:49,非金属材料与制品,-1.5311,proxy,ftshare:stock-quotes-list+stock-prices:sample=80
10:50,非金属材料与制品,-1.4522,proxy,ftshare:stock-quotes-list+stock-prices:sample=80
10:51,非金属材料与制品,-2.0949,proxy,ftshare:stock-quotes-list+stock-prices:sample=80
10:52,非金属材料与制品,-2.0163,proxy,ftshare:stock-quotes-list+stock-prices:sample=80
10:53,非金属材料与制品,-1.9099,proxy,ftshare:stock-quotes-list+stock-prices:sample=80
10:54,非金属材料与制品,-2.5463,proxy,ftshare:stock-quotes-list+stock-prices:sample=80
10:55,非金属材料与制品,-2.2232,proxy,ftshare:stock-quotes-list+stock-prices:sample=80
10:56,非金属材料与制品,-1.8046,proxy,ftshare:stock-quotes-list+stock-prices:sample=80
10:57,非金属材料与制品,-1.4918,proxy,ftshare:stock-quotes-list+stock-prices:sample=80
10:58,非金属材料与制品,-1.1096,proxy,ftshare:stock-quotes-list+stock-prices:sample=80
10:59,非金属材料与制品,-0.7334,proxy,ftshare:stock-quotes-list+stock-prices:sample=80
11:00,非金属材料与制品,-1.2173,proxy,ftshare:stock-quotes-list+stock-prices:sample=80
11:01,非金属材料与制品,-0.8271,proxy,ftshare:stock-quotes-list+stock-prices:sample=80
11:02,非金属材料与制品,-1.293,proxy,ftshare:stock-quotes-list+stock-prices:sample=80
11:03,非金属材料与制品,-1.3234,proxy,ftshare:stock-quotes-list+stock-prices:sample=80
11:04,非金属材料与制品,-1.4736,proxy,ftshare:stock-quotes-list+stock-prices:sample=80
11:05,非金属材料与制品,-1.7172,proxy,ftshare:stock-quotes-list+stock-prices:sample=80
11:06,非金属材料与制品,-1.478,proxy,ftshare:stock-quotes-list+stock-prices:sample=80
11:07,非金属材料与制品,-1.7762,proxy,ftshare:stock-quotes-list+stock-prices:sample=80
11:08,非金属材料与制品,-2.0606,proxy,ftshare:stock-quotes-list+stock-prices:sample=80
11:09,非金属材料与制品,-2.3265,proxy,ftshare:stock-quotes-list+stock-prices:sample=80
11:10,非金属材料与制品,-2.7036,proxy,ftshare:stock-quotes-list+stock-prices:sample=80
11:11,非金属材料与制品,-2.3309,proxy,ftshare:stock-quotes-list+stock-prices:sample=80
11:12,非金属材料与制品,-3.305,proxy,ftshare:stock-quotes-list+stock-prices:sample=80
11:13,非金属材料与制品,-2.9765,proxy,ftshare:stock-quotes-list+stock-prices:sample=80
11:14,非金属材料与制品,-3.1873,proxy,ftshare:stock-quotes-list+stock-prices:sample=80
11:15,非金属材料与制品,-3.2103,proxy,ftshare:stock-quotes-list+stock-prices:sample=80
11:16,非金属材料与制品,-2.9599,proxy,ftshare:stock-quotes-list+stock-prices:sample=80
11:17,非金属材料与制品,-2.8603,proxy,ftshare:stock-quotes-list+stock-prices:sample=80
11:18,非金属材料与制品,-3.0719,proxy,ftshare:stock-quotes-list+stock-prices:sample=80
11:19,非金属材料与制品,-3.1579,proxy,ftshare:stock-quotes-list+stock-prices:sample=80
11:20,非金属材料与制品,-3.3734,proxy,ftshare:stock-quotes-list+stock-prices:sample=80
11:21,非金属材料与制品,-3.6653,proxy,ftshare:stock-quotes-list+stock-prices:sample=80
11:22,非金属材料与制品,-3.3641,proxy,ftshare:stock-quotes-list+stock-prices:sample=80
11:23,非金属材料与制品,-3.3149,proxy,ftshare:stock-quotes-list+stock-prices:sample=80
11:24,非金属材料与制品,-3.4932,proxy,ftshare:stock-quotes-list+stock-prices:sample=80
11:25,非金属材料与制品,-3.3028,proxy,ftshare:stock-quotes-list+stock-prices:sample=80
11:26,非金属材料与制品,-3.146,proxy,ftshare:stock-quotes-list+stock-prices:sample=80
11:27,非金属材料与制品,-3.1689,proxy,ftshare:stock-quotes-list+stock-prices:sample=80
11:28,非金属材料与制品,-3.0195,proxy,ftshare:stock-quotes-list+stock-prices:sample=80
11:29,非金属材料与制品,-2.7151,proxy,ftshare:stock-quotes-list+stock-prices:sample=80
11:30,非金属材料与制品,-2.5857,proxy,ftshare:stock-quotes-list+stock-prices:sample=80
13:01,非金属材料与制品,-2.6928,proxy,ftshare:stock-quotes-list+stock-prices:sample=80
13:02,非金属材料与制品,-2.1672,proxy,ftshare:stock-quotes-list+stock-prices:sample=80
13:03,非金属材料与制品,-1.9601,proxy,ftshare:stock-quotes-list+stock-prices:sample=80
13:04,非金属材料与制品,-2.5317,proxy,ftshare:stock-quotes-list+stock-prices:sample=80
13:05,非金属材料与制品,-2.3607,proxy,ftshare:stock-quotes-list+stock-prices:sample=80
13:06,非金属材料与制品,-1.6365,proxy,ftshare:stock-quotes-list+stock-prices:sample=80
13:07,非金属材料与制品,-1.5115,proxy,ftshare:stock-quotes-list+stock-prices:sample=80
13:08,非金属材料与制品,-1.9461,proxy,ftshare:stock-quotes-list+stock-prices:sample=80
13:09,非金属材料与制品,-1.5416,proxy,ftshare:stock-quotes-list+stock-prices:sample=80
13:10,非金属材料与制品,-2.0759,proxy,ftshare:stock-quotes-list+stock-prices:sample=80
13:11,非金属材料与制品,-2.41,proxy,ftshare:stock-quotes-list+stock-prices:sample=80
13:12,非金属材料与制品,-2.8899,proxy,ftshare:stock-quotes-list+stock-prices:sample=80
13:13,非金属材料与制品,-2.5893,proxy,ftshare:stock-quotes-list+stock-prices:sample=80
13:14,非金属材料与制品,-2.8539,proxy,ftshare:stock-quotes-list+stock-prices:sample=80
13:15,非金属材料与制品,-2.502,proxy,ftshare:stock-quotes-list+stock-prices:sample=80
13:16,非金属材料与制品,-2.8237,proxy,ftshare:stock-quotes-list+stock-prices:sample=80
13:17,非金属材料与制品,-3.2523,proxy,ftshare:stock-quotes-list+stock-prices:sample=80
13:18,非金属材料与制品,-3.3057,proxy,ftshare:stock-quotes-list+stock-prices:sample=80
13:19,非金属材料与制品,-3.067,proxy,ftshare:stock-quotes-list+stock-prices:sample=80
13:20,非金属材料与制品,-3.0078,proxy,ftshare:stock-quotes-list+stock-prices:sample=80
13:21,非金属材料与制品,-3.0455,proxy,ftshare:stock-quotes-list+stock-prices:sample=80
13:22,非金属材料与制品,-2.8949,proxy,ftshare:stock-quotes-list+stock-prices:sample=80
13:23,非金属材料与制品,-2.9762,proxy,ftshare:stock-quotes-list+stock-prices:sample=80
13:24,非金属材料与制品,-2.9626,proxy,ftshare:stock-quotes-list+stock-prices:sample=80
13:25,非金属材料与制品,-3.2541,proxy,ftshare:stock-quotes-list+stock-prices:sample=80
13:26,非金属材料与制品,-3.2541,proxy,ftshare:stock-quotes-list+stock-prices:sample=80
13:27,非金属材料与制品,-3.6352,proxy,ftshare:stock-quotes-list+stock-prices:sample=80
13:28,非金属材料与制品,-3.9582,proxy,ftshare:stock-quotes-list+stock-prices:sample=80
13:29,非金属材料与制品,-3.1028,proxy,ftshare:stock-quotes-list+stock-prices:sample=80
13:30,非金属材料与制品,-2.8488,proxy,ftshare:stock-quotes-list+stock-prices:sample=80
13:31,非金属材料与制品,-2.9044,proxy,ftshare:stock-quotes-list+stock-prices:sample=80
13:32,非金属材料与制品,-2.6873,proxy,ftshare:stock-quotes-list+stock-prices:sample=80
13:33,非金属材料与制品,-2.7991,proxy,ftshare:stock-quotes-list+stock-prices:sample=80
13:34,非金属材料与制品,-2.6845,proxy,ftshare:stock-quotes-list+stock-prices:sample=80
13:35,非金属材料与制品,-2.2496,proxy,ftshare:stock-quotes-list+stock-prices:sample=80
13:36,非金属材料与制品,-1.7897,proxy,ftshare:stock-quotes-list+stock-prices:sample=80
13:37,非金属材料与制品,-1.6794,proxy,ftshare:stock-quotes-list+stock-prices:sample=80
13:38,非金属材料与制品,-1.228,proxy,ftshare:stock-quotes-list+stock-prices:sample=80
13:39,非金属材料与制品,-0.5472,proxy,ftshare:stock-quotes-list+stock-prices:sample=80
13:40,非金属材料与制品,0.0275,proxy,ftshare:stock-quotes-list+stock-prices:sample=80
13:41,非金属材料与制品,0.6179,proxy,ftshare:stock-quotes-list+stock-prices:sample=80
13:42,非金属材料与制品,0.9068,proxy,ftshare:stock-quotes-list+stock-prices:sample=80
13:43,非金属材料与制品,1.7248,proxy,ftshare:stock-quotes-list+stock-prices:sample=80
13:44,非金属材料与制品,1.2453,proxy,ftshare:stock-quotes-list+stock-prices:sample=80
13:45,非金属材料与制品,0.886,proxy,ftshare:stock-quotes-list+stock-prices:sample=80
13:46,非金属材料与制品,1.2994,proxy,ftshare:stock-quotes-list+stock-prices:sample=80
13:47,非金属材料与制品,1.7501,proxy,ftshare:stock-quotes-list+stock-prices:sample=80
13:48,非金属材料与制品,1.3126,proxy,ftshare:stock-quotes-list+stock-prices:sample=80
13:49,非金属材料与制品,0.6003,proxy,ftshare:stock-quotes-list+stock-prices:sample=80
13:50,非金属材料与制品,0.8941,proxy,ftshare:stock-quotes-list+stock-prices:sample=80
13:51,非金属材料与制品,1.3263,proxy,ftshare:stock-quotes-list+stock-prices:sample=80
13:52,非金属材料与制品,1.099,proxy,ftshare:stock-quotes-list+stock-prices:sample=80
13:53,非金属材料与制品,1.6149,proxy,ftshare:stock-quotes-list+stock-prices:sample=80
13:54,非金属材料与制品,2.9986,proxy,ftshare:stock-quotes-list+stock-prices:sample=80
13:55,非金属材料与制品,3.3487,proxy,ftshare:stock-quotes-list+stock-prices:sample=80
13:56,非金属材料与制品,4.9142,proxy,ftshare:stock-quotes-list+stock-prices:sample=80
13:57,非金属材料与制品,6.0321,proxy,ftshare:stock-quotes-list+stock-prices:sample=80
13:58,非金属材料与制品,6.4103,proxy,ftshare:stock-quotes-list+stock-prices:sample=80
13:59,非金属材料与制品,7.7585,proxy,ftshare:stock-quotes-list+stock-prices:sample=80
14:00,非金属材料与制品,6.7568,proxy,ftshare:stock-quotes-list+stock-prices:sample=80
14:01,非金属材料与制品,7.6715,proxy,ftshare:stock-quotes-list+stock-prices:sample=80
14:02,非金属材料与制品,8.4596,proxy,ftshare:stock-quotes-list+stock-prices:sample=80
14:03,非金属材料与制品,7.5685,proxy,ftshare:stock-quotes-list+stock-prices:sample=80
14:04,非金属材料与制品,6.6168,proxy,ftshare:stock-quotes-list+stock-prices:sample=80
14:05,非金属材料与制品,5.9036,proxy,ftshare:stock-quotes-list+stock-prices:sample=80
14:06,非金属材料与制品,5.2785,proxy,ftshare:stock-quotes-list+stock-prices:sample=80
14:07,非金属材料与制品,4.6248,proxy,ftshare:stock-quotes-list+stock-prices:sample=80
14:08,非金属材料与制品,5.1413,proxy,ftshare:stock-quotes-list+stock-prices:sample=80
14:09,非金属材料与制品,4.5602,proxy,ftshare:stock-quotes-list+stock-prices:sample=80
14:10,非金属材料与制品,4.0826,proxy,ftshare:stock-quotes-list+stock-prices:sample=80
14:11,非金属材料与制品,4.3378,proxy,ftshare:stock-quotes-list+stock-prices:sample=80
14:12,非金属材料与制品,4.7332,proxy,ftshare:stock-quotes-list+stock-prices:sample=80
14:13,非金属材料与制品,4.333,proxy,ftshare:stock-quotes-list+stock-prices:sample=80
14:14,非金属材料与制品,4.7699,proxy,ftshare:stock-quotes-list+stock-prices:sample=80
14:15,非金属材料与制品,5.6462,proxy,ftshare:stock-quotes-list+stock-prices:sample=80
14:16,非金属材料与制品,6.0243,proxy,ftshare:stock-quotes-list+stock-prices:sample=80
14:17,非金属材料与制品,5.9029,proxy,ftshare:stock-quotes-list+stock-prices:sample=80
14:18,非金属材料与制品,6.7292,proxy,ftshare:stock-quotes-list+stock-prices:sample=80
14:19,非金属材料与制品,8.0026,proxy,ftshare:stock-quotes-list+stock-prices:sample=80
14:20,非金属材料与制品,7.1725,proxy,ftshare:stock-quotes-list+stock-prices:sample=80
14:21,非金属材料与制品,7.3601,proxy,ftshare:stock-quotes-list+stock-prices:sample=80
14:22,非金属材料与制品,7.1624,proxy,ftshare:stock-quotes-list+stock-prices:sample=80
14:23,非金属材料与制品,7.6124,proxy,ftshare:stock-quotes-list+stock-prices:sample=80
14:24,非金属材料与制品,7.0239,proxy,ftshare:stock-quotes-list+stock-prices:sample=80
14:25,非金属材料与制品,7.5054,proxy,ftshare:stock-quotes-list+stock-prices:sample=80
14:26,非金属材料与制品,8.2855,proxy,ftshare:stock-quotes-list+stock-prices:sample=80
14:27,非金属材料与制品,8.0076,proxy,ftshare:stock-quotes-list+stock-prices:sample=80
14:28,非金属材料与制品,8.6366,proxy,ftshare:stock-quotes-list+stock-prices:sample=80
14:29,非金属材料与制品,8.7124,proxy,ftshare:stock-quotes-list+stock-prices:sample=80
14:30,非金属材料与制品,8.1311,proxy,ftshare:stock-quotes-list+stock-prices:sample=80
14:31,非金属材料与制品,9.0988,proxy,ftshare:stock-quotes-list+stock-prices:sample=80
14:32,非金属材料与制品,10.1114,proxy,ftshare:stock-quotes-list+stock-prices:sample=80
14:33,非金属材料与制品,9.3939,proxy,ftshare:stock-quotes-list+stock-prices:sample=80
14:34,非金属材料与制品,9.5204,proxy,ftshare:stock-quotes-list+stock-prices:sample=80
14:35,非金属材料与制品,9.4558,proxy,ftshare:stock-quotes-list+stock-prices:sample=80
14:36,非金属材料与制品,8.9468,proxy,ftshare:stock-quotes-list+stock-prices:sample=80
14:37,非金属材料与制品,9.1153,proxy,ftshare:stock-quotes-list+stock-prices:sample=80
14:38,非金属材料与制品,9.1175,proxy,ftshare:stock-quotes-list+stock-prices:sample=80
14:39,非金属材料与制品,8.6138,proxy,ftshare:stock-quotes-list+stock-prices:sample=80
14:40,非金属材料与制品,8.2269,proxy,ftshare:stock-quotes-list+stock-prices:sample=80
14:41,非金属材料与制品,7.6718,proxy,ftshare:stock-quotes-list+stock-prices:sample=80
14:42,非金属材料与制品,8.0935,proxy,ftshare:stock-quotes-list+stock-prices:sample=80
14:43,非金属材料与制品,7.8675,proxy,ftshare:stock-quotes-list+stock-prices:sample=80
14:44,非金属材料与制品,8.4002,proxy,ftshare:stock-quotes-list+stock-prices:sample=80
14:45,非金属材料与制品,8.4191,proxy,ftshare:stock-quotes-list+stock-prices:sample=80
14:46,非金属材料与制品,7.6956,proxy,ftshare:stock-quotes-list+stock-prices:sample=80
14:47,非金属材料与制品,8.272,proxy,ftshare:stock-quotes-list+stock-prices:sample=80
14:48,非金属材料与制品,8.6312,proxy,ftshare:stock-quotes-list+stock-prices:sample=80
14:49,非金属材料与制品,8.1209,proxy,ftshare:stock-quotes-list+stock-prices:sample=80
14:50,非金属材料与制品,8.8395,proxy,ftshare:stock-quotes-list+stock-prices:sample=80
14:51,非金属材料与制品,8.9539,proxy,ftshare:stock-quotes-list+stock-prices:sample=80
14:52,非金属材料与制品,8.6262,proxy,ftshare:stock-quotes-list+stock-prices:sample=80
14:53,非金属材料与制品,8.0868,proxy,ftshare:stock-quotes-list+stock-prices:sample=80
14:54,非金属材料与制品,7.6497,proxy,ftshare:stock-quotes-list+stock-prices:sample=80
14:55,非金属材料与制品,8.5424,proxy,ftshare:stock-quotes-list+stock-prices:sample=80
14:56,非金属材料与制品,9.6217,proxy,ftshare:stock-quotes-list+stock-prices:sample=80
14:57,非金属材料与制品,10.8084,proxy,ftshare:stock-quotes-list+stock-prices:sample=80
14:58,非金属材料与制品,10.8247,proxy,ftshare:stock-quotes-list+stock-prices:sample=80
14:59,非金属材料与制品,10.8247,proxy,ftshare:stock-quotes-list+stock-prices:sample=80
15:00,非金属材料与制品,11.449,proxy,ftshare:stock-quotes-list+stock-prices:sample=80
09:30,分立器件,1.3976,proxy,ftshare:stock-quotes-list+stock-prices:sample=80
09:31,分立器件,5.2639,proxy,ftshare:stock-quotes-list+stock-prices:sample=80
09:32,分立器件,10.4897,proxy,ftshare:stock-quotes-list+stock-prices:sample=80
09:33,分立器件,6.0876,proxy,ftshare:stock-quotes-list+stock-prices:sample=80
09:34,分立器件,2.4888,proxy,ftshare:stock-quotes-list+stock-prices:sample=80
09:35,分立器件,-0.243,proxy,ftshare:stock-quotes-list+stock-prices:sample=80
09:36,分立器件,0.2144,proxy,ftshare:stock-quotes-list+stock-prices:sample=80
09:37,分立器件,-0.0825,proxy,ftshare:stock-quotes-list+stock-prices:sample=80
09:38,分立器件,1.6867,proxy,ftshare:stock-quotes-list+stock-prices:sample=80
09:39,分立器件,3.2888,proxy,ftshare:stock-quotes-list+stock-prices:sample=80
09:40,分立器件,1.6804,proxy,ftshare:stock-quotes-list+stock-prices:sample=80
09:41,分立器件,1.4918,proxy,ftshare:stock-quotes-list+stock-prices:sample=80
09:42,分立器件,3.5665,proxy,ftshare:stock-quotes-list+stock-prices:sample=80
09:43,分立器件,4.6027,proxy,ftshare:stock-quotes-list+stock-prices:sample=80
09:44,分立器件,2.6114,proxy,ftshare:stock-quotes-list+stock-prices:sample=80
09:45,分立器件,3.9186,proxy,ftshare:stock-quotes-list+stock-prices:sample=80
09:46,分立器件,4.4923,proxy,ftshare:stock-quotes-list+stock-prices:sample=80
09:47,分立器件,5.3998,proxy,ftshare:stock-quotes-list+stock-prices:sample=80
09:48,分立器件,5.9383,proxy,ftshare:stock-quotes-list+stock-prices:sample=80
09:49,分立器件,10.013,proxy,ftshare:stock-quotes-list+stock-prices:sample=80
09:50,分立器件,10.46,proxy,ftshare:stock-quotes-list+stock-prices:sample=80
09:51,分立器件,9.0456,proxy,ftshare:stock-quotes-list+stock-prices:sample=80
09:52,分立器件,8.9451,proxy,ftshare:stock-quotes-list+stock-prices:sample=80
09:53,分立器件,10.0953,proxy,ftshare:stock-quotes-list+stock-prices:sample=80
09:54,分立器件,9.0228,proxy,ftshare:stock-quotes-list+stock-prices:sample=80
09:55,分立器件,10.3706,proxy,ftshare:stock-quotes-list+stock-prices:sample=80
09:56,分立器件,12.1024,proxy,ftshare:stock-quotes-list+stock-prices:sample=80
09:57,分立器件,11.6834,proxy,ftshare:stock-quotes-list+stock-prices:sample=80
09:58,分立器件,12.0901,proxy,ftshare:stock-quotes-list+stock-prices:sample=80
09:59,分立器件,11.6688,proxy,ftshare:stock-quotes-list+stock-prices:sample=80
10:00,分立器件,11.2543,proxy,ftshare:stock-quotes-list+stock-prices:sample=80
10:01,分立器件,11.6183,proxy,ftshare:stock-quotes-list+stock-prices:sample=80
10:02,分立器件,11.2211,proxy,ftshare:stock-quotes-list+stock-prices:sample=80
10:03,分立器件,11.2211,proxy,ftshare:stock-quotes-list+stock-prices:sample=80
10:04,分立器件,11.6869,proxy,ftshare:stock-quotes-list+stock-prices:sample=80
10:05,分立器件,12.0197,proxy,ftshare:stock-quotes-list+stock-prices:sample=80
10:06,分立器件,9.7618,proxy,ftshare:stock-quotes-list+stock-prices:sample=80
10:07,分立器件,8.6731,proxy,ftshare:stock-quotes-list+stock-prices:sample=80
10:08,分立器件,9.297,proxy,ftshare:stock-quotes-list+stock-prices:sample=80
10:09,分立器件,8.2785,proxy,ftshare:stock-quotes-list+stock-prices:sample=80
10:10,分立器件,9.2365,proxy,ftshare:stock-quotes-list+stock-prices:sample=80
10:11,分立器件,9.1926,proxy,ftshare:stock-quotes-list+stock-prices:sample=80
10:12,分立器件,8.4581,proxy,ftshare:stock-quotes-list+stock-prices:sample=80
10:13,分立器件,7.9005,proxy,ftshare:stock-quotes-list+stock-prices:sample=80
10:14,分立器件,7.7862,proxy,ftshare:stock-quotes-list+stock-prices:sample=80
10:15,分立器件,7.7185,proxy,ftshare:stock-quotes-list+stock-prices:sample=80
10:16,分立器件,6.7701,proxy,ftshare:stock-quotes-list+stock-prices:sample=80
10:17,分立器件,5.5177,proxy,ftshare:stock-quotes-list+stock-prices:sample=80
10:18,分立器件,6.2467,proxy,ftshare:stock-quotes-list+stock-prices:sample=80
10:19,分立器件,7.0151,proxy,ftshare:stock-quotes-list+stock-prices:sample=80
10:20,分立器件,6.8498,proxy,ftshare:stock-quotes-list+stock-prices:sample=80
10:21,分立器件,7.2666,proxy,ftshare:stock-quotes-list+stock-prices:sample=80
10:22,分立器件,6.1569,proxy,ftshare:stock-quotes-list+stock-prices:sample=80
10:23,分立器件,6.1352,proxy,ftshare:stock-quotes-list+stock-prices:sample=80
10:24,分立器件,5.9546,proxy,ftshare:stock-quotes-list+stock-prices:sample=80
10:25,分立器件,5.2345,proxy,ftshare:stock-quotes-list+stock-prices:sample=80
10:26,分立器件,4.7131,proxy,ftshare:stock-quotes-list+stock-prices:sample=80
10:27,分立器件,4.9501,proxy,ftshare:stock-quotes-list+stock-prices:sample=80
10:28,分立器件,4.1935,proxy,ftshare:stock-quotes-list+stock-prices:sample=80
10:29,分立器件,3.1877,proxy,ftshare:stock-quotes-list+stock-prices:sample=80
10:30,分立器件,2.1183,proxy,ftshare:stock-quotes-list+stock-prices:sample=80
10:31,分立器件,2.9762,proxy,ftshare:stock-quotes-list+stock-prices:sample=80
10:32,分立器件,2.9297,proxy,ftshare:stock-quotes-list+stock-prices:sample=80
10:33,分立器件,2.9659,proxy,ftshare:stock-quotes-list+stock-prices:sample=80
10:34,分立器件,2.1697,proxy,ftshare:stock-quotes-list+stock-prices:sample=80
10:35,分立器件,1.3507,proxy,ftshare:stock-quotes-list+stock-prices:sample=80
10:36,分立器件,1.1936,proxy,ftshare:stock-quotes-list+stock-prices:sample=80
10:37,分立器件,1.8835,proxy,ftshare:stock-quotes-list+stock-prices:sample=80
10:38,分立器件,1.8764,proxy,ftshare:stock-quotes-list+stock-prices:sample=80
10:39,分立器件,2.4607,proxy,ftshare:stock-quotes-list+stock-prices:sample=80
10:40,分立器件,2.609,proxy,ftshare:stock-quotes-list+stock-prices:sample=80
10:41,分立器件,2.5365,proxy,ftshare:stock-quotes-list+stock-prices:sample=80
10:42,分立器件,1.9313,proxy,ftshare:stock-quotes-list+stock-prices:sample=80
10:43,分立器件,2.4128,proxy,ftshare:stock-quotes-list+stock-prices:sample=80
10:44,分立器件,1.8964,proxy,ftshare:stock-quotes-list+stock-prices:sample=80
10:45,分立器件,1.3452,proxy,ftshare:stock-quotes-list+stock-prices:sample=80
10:46,分立器件,0.5584,proxy,ftshare:stock-quotes-list+stock-prices:sample=80
10:47,分立器件,-0.2732,proxy,ftshare:stock-quotes-list+stock-prices:sample=80
10:48,分立器件,-0.2552,proxy,ftshare:stock-quotes-list+stock-prices:sample=80
10:49,分立器件,-1.3697,proxy,ftshare:stock-quotes-list+stock-prices:sample=80
10:50,分立器件,-2.1607,proxy,ftshare:stock-quotes-list+stock-prices:sample=80
10:51,分立器件,-1.3038,proxy,ftshare:stock-quotes-list+stock-prices:sample=80
10:52,分立器件,-0.6549,proxy,ftshare:stock-quotes-list+stock-prices:sample=80
10:53,分立器件,-0.0524,proxy,ftshare:stock-quotes-list+stock-prices:sample=80
10:54,分立器件,-0.6361,proxy,ftshare:stock-quotes-list+stock-prices:sample=80
10:55,分立器件,0.0357,proxy,ftshare:stock-quotes-list+stock-prices:sample=80
10:56,分立器件,-0.372,proxy,ftshare:stock-quotes-list+stock-prices:sample=80
10:57,分立器件,0.1314,proxy,ftshare:stock-quotes-list+stock-prices:sample=80
10:58,分立器件,0.194,proxy,ftshare:stock-quotes-list+stock-prices:sample=80
10:59,分立器件,0.6865,proxy,ftshare:stock-quotes-list+stock-prices:sample=80
11:00,分立器件,0.6842,proxy,ftshare:stock-quotes-list+stock-prices:sample=80
11:01,分立器件,0.5614,proxy,ftshare:stock-quotes-list+stock-prices:sample=80
11:02,分立器件,0.9155,proxy,ftshare:stock-quotes-list+stock-prices:sample=80
11:03,分立器件,1.2572,proxy,ftshare:stock-quotes-list+stock-prices:sample=80
11:04,分立器件,1.3401,proxy,ftshare:stock-quotes-list+stock-prices:sample=80
11:05,分立器件,0.9514,proxy,ftshare:stock-quotes-list+stock-prices:sample=80
11:06,分立器件,1.2359,proxy,ftshare:stock-quotes-list+stock-prices:sample=80
11:07,分立器件,0.8331,proxy,ftshare:stock-quotes-list+stock-prices:sample=80
11:08,分立器件,0.6032,proxy,ftshare:stock-quotes-list+stock-prices:sample=80
11:09,分立器件,0.2136,proxy,ftshare:stock-quotes-list+stock-prices:sample=80
11:10,分立器件,-0.1145,proxy,ftshare:stock-quotes-list+stock-prices:sample=80
11:11,分立器件,0.1411,proxy,ftshare:stock-quotes-list+stock-prices:sample=80
11:12,分立器件,-0.5062,proxy,ftshare:stock-quotes-list+stock-prices:sample=80
11:13,分立器件,-0.1194,proxy,ftshare:stock-quotes-list+stock-prices:sample=80
11:14,分立器件,-0.4987,proxy,ftshare:stock-quotes-list+stock-prices:sample=80
11:15,分立器件,-0.3122,proxy,ftshare:stock-quotes-list+stock-prices:sample=80
11:16,分立器件,-0.1373,proxy,ftshare:stock-quotes-list+stock-prices:sample=80
11:17,分立器件,-0.5186,proxy,ftshare:stock-quotes-list+stock-prices:sample=80
11:18,分立器件,-0.8066,proxy,ftshare:stock-quotes-list+stock-prices:sample=80
11:19,分立器件,-0.4968,proxy,ftshare:stock-quotes-list+stock-prices:sample=80
11:20,分立器件,-0.9251,proxy,ftshare:stock-quotes-list+stock-prices:sample=80
11:21,分立器件,-1.2579,proxy,ftshare:stock-quotes-list+stock-prices:sample=80
11:22,分立器件,-1.5368,proxy,ftshare:stock-quotes-list+stock-prices:sample=80
11:23,分立器件,-1.4147,proxy,ftshare:stock-quotes-list+stock-prices:sample=80
11:24,分立器件,-1.3838,proxy,ftshare:stock-quotes-list+stock-prices:sample=80
11:25,分立器件,-1.0942,proxy,ftshare:stock-quotes-list+stock-prices:sample=80
11:26,分立器件,-0.8027,proxy,ftshare:stock-quotes-list+stock-prices:sample=80
11:27,分立器件,-0.5994,proxy,ftshare:stock-quotes-list+stock-prices:sample=80
11:28,分立器件,-0.3975,proxy,ftshare:stock-quotes-list+stock-prices:sample=80
11:29,分立器件,-0.3975,proxy,ftshare:stock-quotes-list+stock-prices:sample=80
11:30,分立器件,-0.4902,proxy,ftshare:stock-quotes-list+stock-prices:sample=80
13:01,分立器件,-1.3337,proxy,ftshare:stock-quotes-list+stock-prices:sample=80
13:02,分立器件,-1.1003,proxy,ftshare:stock-quotes-list+stock-prices:sample=80
13:03,分立器件,-0.8284,proxy,ftshare:stock-quotes-list+stock-prices:sample=80
13:04,分立器件,-1.2439,proxy,ftshare:stock-quotes-list+stock-prices:sample=80
13:05,分立器件,-1.2398,proxy,ftshare:stock-quotes-list+stock-prices:sample=80
13:06,分立器件,-1.2735,proxy,ftshare:stock-quotes-list+stock-prices:sample=80
13:07,分立器件,-0.9431,proxy,ftshare:stock-quotes-list+stock-prices:sample=80
13:08,分立器件,-1.2855,proxy,ftshare:stock-quotes-list+stock-prices:sample=80
13:09,分立器件,-0.954,proxy,ftshare:stock-quotes-list+stock-prices:sample=80
13:10,分立器件,-0.7697,proxy,ftshare:stock-quotes-list+stock-prices:sample=80
13:11,分立器件,-0.6609,proxy,ftshare:stock-quotes-list+stock-prices:sample=80
13:12,分立器件,-0.5912,proxy,ftshare:stock-quotes-list+stock-prices:sample=80
13:13,分立器件,-0.2776,proxy,ftshare:stock-quotes-list+stock-prices:sample=80
13:14,分立器件,0.2747,proxy,ftshare:stock-quotes-list+stock-prices:sample=80
13:15,分立器件,-0.0738,proxy,ftshare:stock-quotes-list+stock-prices:sample=80
13:16,分立器件,-0.4418,proxy,ftshare:stock-quotes-list+stock-prices:sample=80
13:17,分立器件,-0.8434,proxy,ftshare:stock-quotes-list+stock-prices:sample=80
13:18,分立器件,-1.305,proxy,ftshare:stock-quotes-list+stock-prices:sample=80
13:19,分立器件,-1.5279,proxy,ftshare:stock-quotes-list+stock-prices:sample=80
13:20,分立器件,-1.5749,proxy,ftshare:stock-quotes-list+stock-prices:sample=80
13:21,分立器件,-2.0164,proxy,ftshare:stock-quotes-list+stock-prices:sample=80
13:22,分立器件,-1.7656,proxy,ftshare:stock-quotes-list+stock-prices:sample=80
13:23,分立器件,-1.7454,proxy,ftshare:stock-quotes-list+stock-prices:sample=80
13:24,分立器件,-2.1244,proxy,ftshare:stock-quotes-list+stock-prices:sample=80
13:25,分立器件,-2.4908,proxy,ftshare:stock-quotes-list+stock-prices:sample=80
13:26,分立器件,-2.1575,proxy,ftshare:stock-quotes-list+stock-prices:sample=80
13:27,分立器件,-2.4331,proxy,ftshare:stock-quotes-list+stock-prices:sample=80
13:28,分立器件,-2.9171,proxy,ftshare:stock-quotes-list+stock-prices:sample=80
13:29,分立器件,-3.7977,proxy,ftshare:stock-quotes-list+stock-prices:sample=80
13:30,分立器件,-3.2939,proxy,ftshare:stock-quotes-list+stock-prices:sample=80
13:31,分立器件,-3.5133,proxy,ftshare:stock-quotes-list+stock-prices:sample=80
13:32,分立器件,-3.1128,proxy,ftshare:stock-quotes-list+stock-prices:sample=80
13:33,分立器件,-2.8252,proxy,ftshare:stock-quotes-list+stock-prices:sample=80
13:34,分立器件,-3.0999,proxy,ftshare:stock-quotes-list+stock-prices:sample=80
13:35,分立器件,-2.7439,proxy,ftshare:stock-quotes-list+stock-prices:sample=80
13:36,分立器件,-1.9953,proxy,ftshare:stock-quotes-list+stock-prices:sample=80
13:37,分立器件,-2.571,proxy,ftshare:stock-quotes-list+stock-prices:sample=80
13:38,分立器件,-3.0652,proxy,ftshare:stock-quotes-list+stock-prices:sample=80
13:39,分立器件,-2.3802,proxy,ftshare:stock-quotes-list+stock-prices:sample=80
13:40,分立器件,0.0537,proxy,ftshare:stock-quotes-list+stock-prices:sample=80
13:41,分立器件,-0.8041,proxy,ftshare:stock-quotes-list+stock-prices:sample=80
13:42,分立器件,-1.0411,proxy,ftshare:stock-quotes-list+stock-prices:sample=80
13:43,分立器件,-1.285,proxy,ftshare:stock-quotes-list+stock-prices:sample=80
13:44,分立器件,-1.1802,proxy,ftshare:stock-quotes-list+stock-prices:sample=80
13:45,分立器件,-1.1872,proxy,ftshare:stock-quotes-list+stock-prices:sample=80
13:46,分立器件,-0.5517,proxy,ftshare:stock-quotes-list+stock-prices:sample=80
13:47,分立器件,-0.9747,proxy,ftshare:stock-quotes-list+stock-prices:sample=80
13:48,分立器件,-1.3288,proxy,ftshare:stock-quotes-list+stock-prices:sample=80
13:49,分立器件,-0.7459,proxy,ftshare:stock-quotes-list+stock-prices:sample=80
13:50,分立器件,-0.186,proxy,ftshare:stock-quotes-list+stock-prices:sample=80
13:51,分立器件,-0.0189,proxy,ftshare:stock-quotes-list+stock-prices:sample=80
13:52,分立器件,-0.3787,proxy,ftshare:stock-quotes-list+stock-prices:sample=80
13:53,分立器件,-0.5791,proxy,ftshare:stock-quotes-list+stock-prices:sample=80
13:54,分立器件,-0.6243,proxy,ftshare:stock-quotes-list+stock-prices:sample=80
13:55,分立器件,-1.011,proxy,ftshare:stock-quotes-list+stock-prices:sample=80
13:56,分立器件,-1.103,proxy,ftshare:stock-quotes-list+stock-prices:sample=80
13:57,分立器件,-1.2084,proxy,ftshare:stock-quotes-list+stock-prices:sample=80
13:58,分立器件,-1.487,proxy,ftshare:stock-quotes-list+stock-prices:sample=80
13:59,分立器件,-1.3028,proxy,ftshare:stock-quotes-list+stock-prices:sample=80
14:00,分立器件,-1.1063,proxy,ftshare:stock-quotes-list+stock-prices:sample=80
14:01,分立器件,-0.6697,proxy,ftshare:stock-quotes-list+stock-prices:sample=80
14:02,分立器件,-0.3209,proxy,ftshare:stock-quotes-list+stock-prices:sample=80
14:03,分立器件,-0.3131,proxy,ftshare:stock-quotes-list+stock-prices:sample=80
14:04,分立器件,-0.292,proxy,ftshare:stock-quotes-list+stock-prices:sample=80
14:05,分立器件,-0.1388,proxy,ftshare:stock-quotes-list+stock-prices:sample=80
14:06,分立器件,-0.4762,proxy,ftshare:stock-quotes-list+stock-prices:sample=80
14:07,分立器件,-0.1906,proxy,ftshare:stock-quotes-list+stock-prices:sample=80
14:08,分立器件,0.2142,proxy,ftshare:stock-quotes-list+stock-prices:sample=80
14:09,分立器件,-0.1511,proxy,ftshare:stock-quotes-list+stock-prices:sample=80
14:10,分立器件,-0.4333,proxy,ftshare:stock-quotes-list+stock-prices:sample=80
14:11,分立器件,-0.5753,proxy,ftshare:stock-quotes-list+stock-prices:sample=80
14:12,分立器件,-0.5764,proxy,ftshare:stock-quotes-list+stock-prices:sample=80
14:13,分立器件,-0.3887,proxy,ftshare:stock-quotes-list+stock-prices:sample=80
14:14,分立器件,-0.2046,proxy,ftshare:stock-quotes-list+stock-prices:sample=80
14:15,分立器件,-0.3232,proxy,ftshare:stock-quotes-list+stock-prices:sample=80
14:16,分立器件,-0.3506,proxy,ftshare:stock-quotes-list+stock-prices:sample=80
14:17,分立器件,-0.5709,proxy,ftshare:stock-quotes-list+stock-prices:sample=80
14:18,分立器件,-0.3365,proxy,ftshare:stock-quotes-list+stock-prices:sample=80
14:19,分立器件,-0.6553,proxy,ftshare:stock-quotes-list+stock-prices:sample=80
14:20,分立器件,-0.9334,proxy,ftshare:stock-quotes-list+stock-prices:sample=80
14:21,分立器件,-0.7122,proxy,ftshare:stock-quotes-list+stock-prices:sample=80
14:22,分立器件,-0.9183,proxy,ftshare:stock-quotes-list+stock-prices:sample=80
14:23,分立器件,-1.1719,proxy,ftshare:stock-quotes-list+stock-prices:sample=80
14:24,分立器件,-0.9563,proxy,ftshare:stock-quotes-list+stock-prices:sample=80
14:25,分立器件,-0.6941,proxy,ftshare:stock-quotes-list+stock-prices:sample=80
14:26,分立器件,-0.6941,proxy,ftshare:stock-quotes-list+stock-prices:sample=80
14:27,分立器件,-0.5245,proxy,ftshare:stock-quotes-list+stock-prices:sample=80
14:28,分立器件,-0.6553,proxy,ftshare:stock-quotes-list+stock-prices:sample=80
14:29,分立器件,-0.5337,proxy,ftshare:stock-quotes-list+stock-prices:sample=80
14:30,分立器件,-0.4051,proxy,ftshare:stock-quotes-list+stock-prices:sample=80
14:31,分立器件,-0.6821,proxy,ftshare:stock-quotes-list+stock-prices:sample=80
14:32,分立器件,-1.1717,proxy,ftshare:stock-quotes-list+stock-prices:sample=80
14:33,分立器件,-0.8202,proxy,ftshare:stock-quotes-list+stock-prices:sample=80
14:34,分立器件,-0.855,proxy,ftshare:stock-quotes-list+stock-prices:sample=80
14:35,分立器件,-0.8207,proxy,ftshare:stock-quotes-list+stock-prices:sample=80
14:36,分立器件,-0.7043,proxy,ftshare:stock-quotes-list+stock-prices:sample=80
14:37,分立器件,-0.4205,proxy,ftshare:stock-quotes-list+stock-prices:sample=80
14:38,分立器件,-0.4361,proxy,ftshare:stock-quotes-list+stock-prices:sample=80
14:39,分立器件,-0.4004,proxy,ftshare:stock-quotes-list+stock-prices:sample=80
14:40,分立器件,-0.2658,proxy,ftshare:stock-quotes-list+stock-prices:sample=80
14:41,分立器件,-0.2544,proxy,ftshare:stock-quotes-list+stock-prices:sample=80
14:42,分立器件,-0.2859,proxy,ftshare:stock-quotes-list+stock-prices:sample=80
14:43,分立器件,-0.2585,proxy,ftshare:stock-quotes-list+stock-prices:sample=80
14:44,分立器件,-0.0723,proxy,ftshare:stock-quotes-list+stock-prices:sample=80
14:45,分立器件,-0.0267,proxy,ftshare:stock-quotes-list+stock-prices:sample=80
14:46,分立器件,-0.4188,proxy,ftshare:stock-quotes-list+stock-prices:sample=80
14:47,分立器件,-0.8118,proxy,ftshare:stock-quotes-list+stock-prices:sample=80
14:48,分立器件,-0.8219,proxy,ftshare:stock-quotes-list+stock-prices:sample=80
14:49,分立器件,-0.8786,proxy,ftshare:stock-quotes-list+stock-prices:sample=80
14:50,分立器件,-0.1948,proxy,ftshare:stock-quotes-list+stock-prices:sample=80
14:51,分立器件,0.3837,proxy,ftshare:stock-quotes-list+stock-prices:sample=80
14:52,分立器件,-0.1898,proxy,ftshare:stock-quotes-list+stock-prices:sample=80
14:53,分立器件,0.3061,proxy,ftshare:stock-quotes-list+stock-prices:sample=80
14:54,分立器件,0.6059,proxy,ftshare:stock-quotes-list+stock-prices:sample=80
14:55,分立器件,0.9291,proxy,ftshare:stock-quotes-list+stock-prices:sample=80
14:56,分立器件,1.585,proxy,ftshare:stock-quotes-list+stock-prices:sample=80
14:57,分立器件,2.5279,proxy,ftshare:stock-quotes-list+stock-prices:sample=80
14:58,分立器件,2.523,proxy,ftshare:stock-quotes-list+stock-prices:sample=80
14:59,分立器件,2.523,proxy,ftshare:stock-quotes-list+stock-prices:sample=80
15:00,分立器件,3.5738,proxy,ftshare:stock-quotes-list+stock-prices:sample=80
